game_id,venue,bin_min,price
g0000,kalshi,0,0.4873
g0000,polymarket,0,0.4655
g0000,kalshi,1,0.5127
g0000,polymarket,1,0.496
g0000,kalshi,2,0.5228
g0000,polymarket,2,0.4574
g0000,kalshi,3,0.5381
g0000,polymarket,3,0.5446
g0000,kalshi,4,0.5141
g0000,polymarket,4,0.5178
g0000,kalshi,5,0.5204
g0000,polymarket,5,0.5727
g0000,kalshi,6,0.522
g0000,polymarket,6,0.534
g0000,kalshi,7,0.5428
g0000,polymarket,7,0.5217
g0000,kalshi,8,0.4979
g0000,polymarket,8,0.4762
g0000,kalshi,9,0.4827
g0000,polymarket,9,0.4777
g0000,kalshi,10,0.4579
g0000,polymarket,10,0.4522
g0000,kalshi,11,0.4721
g0000,polymarket,11,0.4788
g0000,kalshi,12,0.4927
g0000,polymarket,12,0.4947
g0000,kalshi,13,0.4553
g0000,polymarket,13,0.4446
g0000,kalshi,14,0.4574
g0000,polymarket,14,0.4684
g0000,kalshi,15,0.4398
g0000,polymarket,15,0.4313
g0000,kalshi,16,0.4406
g0000,polymarket,16,0.451
g0000,kalshi,17,0.4263
g0000,polymarket,17,0.4137
g0000,kalshi,18,0.4444
g0000,polymarket,18,0.4519
g0000,kalshi,19,0.4604
g0000,polymarket,19,0.4365
g0000,kalshi,20,0.4754
g0000,polymarket,20,0.4896
g0000,kalshi,21,0.4741
g0000,polymarket,21,0.4773
g0000,kalshi,22,0.4608
g0000,polymarket,22,0.4473
g0000,kalshi,23,0.4884
g0000,polymarket,23,0.5061
g0000,kalshi,24,0.5077
g0000,polymarket,24,0.5065
g0000,kalshi,25,0.5094
g0000,polymarket,25,0.5187
g0000,kalshi,26,0.4961
g0000,polymarket,26,0.5072
g0000,kalshi,27,0.4623
g0000,polymarket,27,0.46
g0000,kalshi,28,0.4317
g0000,polymarket,28,0.4461
g0000,kalshi,29,0.4054
g0000,polymarket,29,0.386
g0000,kalshi,30,0.4011
g0000,polymarket,30,0.397
g0000,kalshi,31,0.3915
g0000,polymarket,31,0.3907
g0000,kalshi,32,0.403
g0000,polymarket,32,0.4066
g0000,kalshi,33,0.371
g0000,polymarket,33,0.3626
g0000,kalshi,34,0.3595
g0000,polymarket,34,0.3639
g0000,kalshi,35,0.3507
g0000,polymarket,35,0.3451
g0000,kalshi,36,0.3698
g0000,polymarket,36,0.3734
g0000,kalshi,37,0.3957
g0000,polymarket,37,0.4074
g0000,kalshi,38,0.3876
g0000,polymarket,38,0.3689
g0000,kalshi,39,0.3537
g0000,polymarket,39,0.3582
g0000,kalshi,40,0.3436
g0000,polymarket,40,0.3878
g0000,kalshi,41,0.3514
g0000,polymarket,41,0.4027
g0000,kalshi,42,0.3663
g0000,polymarket,42,0.375
g0000,kalshi,43,0.3618
g0000,polymarket,43,0.3626
g0000,kalshi,44,0.3742
g0000,polymarket,44,0.3849
g0000,kalshi,45,0.3799
g0000,polymarket,45,0.3667
g0000,kalshi,46,0.3484
g0000,polymarket,46,0.349
g0000,kalshi,47,0.3745
g0000,polymarket,47,0.3761
g0000,kalshi,48,0.3873
g0000,polymarket,48,0.3781
g0000,kalshi,49,0.3889
g0000,polymarket,49,0.379
g0000,kalshi,50,0.4016
g0000,polymarket,50,0.4021
g0000,kalshi,51,0.4177
g0000,polymarket,51,0.4463
g0000,kalshi,52,0.4303
g0000,polymarket,52,0.4209
g0000,kalshi,53,0.4629
g0000,polymarket,53,0.461
g0000,kalshi,54,0.4741
g0000,polymarket,54,0.4581
g0000,kalshi,55,0.4584
g0000,polymarket,55,0.4675
g0000,kalshi,56,0.459
g0000,polymarket,56,0.4691
g0000,kalshi,57,0.4467
g0000,polymarket,57,0.4592
g0000,kalshi,58,0.448
g0000,polymarket,58,0.4786
g0000,kalshi,59,0.4359
g0000,polymarket,59,0.4413
g0000,kalshi,60,0.434
g0000,polymarket,60,0.4408
g0000,kalshi,61,0.4374
g0000,polymarket,61,0.4248
g0000,kalshi,62,0.4509
g0000,polymarket,62,0.4513
g0000,kalshi,63,0.4435
g0000,polymarket,63,0.4494
g0000,kalshi,64,0.4271
g0000,polymarket,64,0.4648
g0000,kalshi,65,0.449
g0000,polymarket,65,0.4538
g0000,kalshi,66,0.4704
g0000,polymarket,66,0.4568
g0000,kalshi,67,0.456
g0000,polymarket,67,0.4469
g0000,kalshi,68,0.4584
g0000,polymarket,68,0.4614
g0000,kalshi,69,0.4487
g0000,polymarket,69,0.4525
g0000,kalshi,70,0.4231
g0000,polymarket,70,0.412
g0000,kalshi,71,0.4291
g0000,polymarket,71,0.4209
g0000,kalshi,72,0.4013
g0000,polymarket,72,0.4119
g0000,kalshi,73,0.3759
g0000,polymarket,73,0.3838
g0000,kalshi,74,0.3579
g0000,polymarket,74,0.3609
g0000,kalshi,75,0.3594
g0000,polymarket,75,0.3685
g0000,kalshi,76,0.3581
g0000,polymarket,76,0.3854
g0000,kalshi,77,0.3392
g0000,polymarket,77,0.3377
g0000,kalshi,78,0.3171
g0000,polymarket,78,0.305
g0000,kalshi,79,0.3406
g0000,polymarket,79,0.3619
g0001,kalshi,0,0.5687
g0001,polymarket,0,0.5851
g0001,kalshi,1,0.5986
g0001,polymarket,1,0.6183
g0001,kalshi,2,0.6101
g0001,polymarket,2,0.5418
g0001,kalshi,3,0.6334
g0001,polymarket,3,0.6295
g0001,kalshi,4,0.6016
g0001,polymarket,4,0.5948
g0001,kalshi,5,0.6149
g0001,polymarket,5,0.6062
g0001,kalshi,6,0.6118
g0001,polymarket,6,0.605
g0001,kalshi,7,0.6133
g0001,polymarket,7,0.6326
g0001,kalshi,8,0.6449
g0001,polymarket,8,0.6721
g0001,kalshi,9,0.6694
g0001,polymarket,9,0.6581
g0001,kalshi,10,0.6714
g0001,polymarket,10,0.6876
g0001,kalshi,11,0.7112
g0001,polymarket,11,0.7037
g0001,kalshi,12,0.7154
g0001,polymarket,12,0.723
g0001,kalshi,13,0.7038
g0001,polymarket,13,0.71
g0001,kalshi,14,0.6945
g0001,polymarket,14,0.7012
g0001,kalshi,15,0.6999
g0001,polymarket,15,0.7124
g0001,kalshi,16,0.7021
g0001,polymarket,16,0.723
g0001,kalshi,17,0.6707
g0001,polymarket,17,0.6866
g0001,kalshi,18,0.665
g0001,polymarket,18,0.6569
g0001,kalshi,19,0.6732
g0001,polymarket,19,0.6927
g0001,kalshi,20,0.6885
g0001,polymarket,20,0.7551
g0001,kalshi,21,0.7026
g0001,polymarket,21,0.6901
g0001,kalshi,22,0.7137
g0001,polymarket,22,0.7215
g0001,kalshi,23,0.6877
g0001,polymarket,23,0.6946
g0001,kalshi,24,0.6569
g0001,polymarket,24,0.6518
g0001,kalshi,25,0.7089
g0001,polymarket,25,0.7101
g0001,kalshi,26,0.717
g0001,polymarket,26,0.7113
g0001,kalshi,27,0.7109
g0001,polymarket,27,0.6713
g0001,kalshi,28,0.6855
g0001,polymarket,28,0.6907
g0001,kalshi,29,0.6741
g0001,polymarket,29,0.6829
g0001,kalshi,30,0.7316
g0001,polymarket,30,0.7318
g0001,kalshi,31,0.73
g0001,polymarket,31,0.7334
g0001,kalshi,32,0.7488
g0001,polymarket,32,0.7553
g0001,kalshi,33,0.719
g0001,polymarket,33,0.7187
g0001,kalshi,34,0.7445
g0001,polymarket,34,0.7534
g0001,kalshi,35,0.7326
g0001,polymarket,35,0.7007
g0001,kalshi,36,0.7424
g0001,polymarket,36,0.7341
g0001,kalshi,37,0.74
g0001,polymarket,37,0.7449
g0001,kalshi,38,0.7356
g0001,polymarket,38,0.7318
g0001,kalshi,39,0.709
g0001,polymarket,39,0.7162
g0001,kalshi,40,0.6935
g0001,polymarket,40,0.6883
g0001,kalshi,41,0.6816
g0001,polymarket,41,0.681
g0001,kalshi,42,0.6953
g0001,polymarket,42,0.6954
g0001,kalshi,43,0.6869
g0001,polymarket,43,0.6599
g0001,kalshi,44,0.697
g0001,polymarket,44,0.7313
g0001,kalshi,45,0.6977
g0001,polymarket,45,0.7046
g0001,kalshi,46,0.6962
g0001,polymarket,46,0.6934
g0001,kalshi,47,0.6922
g0001,polymarket,47,0.6895
g0001,kalshi,48,0.6817
g0001,polymarket,48,0.6928
g0001,kalshi,49,0.6838
g0001,polymarket,49,0.662
g0001,kalshi,50,0.6647
g0001,polymarket,50,0.6599
g0001,kalshi,51,0.6602
g0001,polymarket,51,0.6542
g0001,kalshi,52,0.6787
g0001,polymarket,52,0.7287
g0001,kalshi,53,0.6738
g0001,polymarket,53,0.6656
g0001,kalshi,54,0.628
g0001,polymarket,54,0.6431
g0001,kalshi,55,0.6356
g0001,polymarket,55,0.6309
g0001,kalshi,56,0.6459
g0001,polymarket,56,0.642
g0001,kalshi,57,0.6466
g0001,polymarket,57,0.6346
g0001,kalshi,58,0.6286
g0001,polymarket,58,0.592
g0001,kalshi,59,0.6426
g0001,polymarket,59,0.6368
g0001,kalshi,60,0.6747
g0001,polymarket,60,0.6625
g0001,kalshi,61,0.6708
g0001,polymarket,61,0.6507
g0001,kalshi,62,0.6623
g0001,polymarket,62,0.6779
g0001,kalshi,63,0.6896
g0001,polymarket,63,0.6687
g0001,kalshi,64,0.6707
g0001,polymarket,64,0.655
g0001,kalshi,65,0.6685
g0001,polymarket,65,0.7325
g0001,kalshi,66,0.6713
g0001,polymarket,66,0.6734
g0001,kalshi,67,0.665
g0001,polymarket,67,0.6669
g0001,kalshi,68,0.6681
g0001,polymarket,68,0.6635
g0001,kalshi,69,0.6774
g0001,polymarket,69,0.6642
g0001,kalshi,70,0.6795
g0001,polymarket,70,0.6727
g0001,kalshi,71,0.6574
g0001,polymarket,71,0.6834
g0001,kalshi,72,0.6564
g0001,polymarket,72,0.6633
g0001,kalshi,73,0.6706
g0001,polymarket,73,0.6497
g0001,kalshi,74,0.6983
g0001,polymarket,74,0.6953
g0001,kalshi,75,0.6992
g0001,polymarket,75,0.6889
g0001,kalshi,76,0.7363
g0001,polymarket,76,0.73
g0001,kalshi,77,0.7264
g0001,polymarket,77,0.701
g0001,kalshi,78,0.7261
g0001,polymarket,78,0.7338
g0001,kalshi,79,0.7278
g0001,polymarket,79,0.7506
g0002,kalshi,0,0.5816
g0002,polymarket,0,0.5894
g0002,kalshi,1,0.5735
g0002,polymarket,1,0.5995
g0002,kalshi,2,0.5843
g0002,polymarket,2,0.64
g0002,kalshi,3,0.5575
g0002,polymarket,3,0.5697
g0002,kalshi,4,0.5618
g0002,polymarket,4,0.5795
g0002,kalshi,5,0.5591
g0002,polymarket,5,0.497
g0002,kalshi,6,0.5369
g0002,polymarket,6,0.5535
g0002,kalshi,7,0.5382
g0002,polymarket,7,0.5434
g0002,kalshi,8,0.4935
g0002,polymarket,8,0.4841
g0002,kalshi,9,0.5003
g0002,polymarket,9,0.5039
g0002,kalshi,10,0.4987
g0002,polymarket,10,0.4948
g0002,kalshi,11,0.4911
g0002,polymarket,11,0.4837
g0002,kalshi,12,0.499
g0002,polymarket,12,0.4893
g0002,kalshi,13,0.508
g0002,polymarket,13,0.5917
g0002,kalshi,14,0.5415
g0002,polymarket,14,0.5387
g0002,kalshi,15,0.5069
g0002,polymarket,15,0.4367
g0002,kalshi,16,0.4938
g0002,polymarket,16,0.4983
g0002,kalshi,17,0.4907
g0002,polymarket,17,0.4945
g0002,kalshi,18,0.4914
g0002,polymarket,18,0.5006
g0002,kalshi,19,0.5186
g0002,polymarket,19,0.5152
g0002,kalshi,20,0.4852
g0002,polymarket,20,0.4694
g0002,kalshi,21,0.4872
g0002,polymarket,21,0.4911
g0002,kalshi,22,0.491
g0002,polymarket,22,0.4938
g0002,kalshi,23,0.4743
g0002,polymarket,23,0.4707
g0002,kalshi,24,0.5036
g0002,polymarket,24,0.5113
g0002,kalshi,25,0.504
g0002,polymarket,25,0.494
g0002,kalshi,26,0.516
g0002,polymarket,26,0.5219
g0002,kalshi,27,0.5252
g0002,polymarket,27,0.5315
g0002,kalshi,28,0.4885
g0002,polymarket,28,0.4825
g0002,kalshi,29,0.4787
g0002,polymarket,29,0.4673
g0002,kalshi,30,0.4698
g0002,polymarket,30,0.4603
g0002,kalshi,31,0.4791
g0002,polymarket,31,0.4702
g0002,kalshi,32,0.451
g0002,polymarket,32,0.4583
g0002,kalshi,33,0.4603
g0002,polymarket,33,0.4614
g0002,kalshi,34,0.4816
g0002,polymarket,34,0.477
g0002,kalshi,35,0.4556
g0002,polymarket,35,0.4366
g0002,kalshi,36,0.4762
g0002,polymarket,36,0.4801
g0002,kalshi,37,0.4727
g0002,polymarket,37,0.4756
g0002,kalshi,38,0.4655
g0002,polymarket,38,0.4451
g0002,kalshi,39,0.4756
g0002,polymarket,39,0.4602
g0002,kalshi,40,0.4986
g0002,polymarket,40,0.5062
g0002,kalshi,41,0.4997
g0002,polymarket,41,0.4883
g0002,kalshi,42,0.5001
g0002,polymarket,42,0.4804
g0002,kalshi,43,0.4386
g0002,polymarket,43,0.4081
g0002,kalshi,44,0.438
g0002,polymarket,44,0.4114
g0002,kalshi,45,0.4193
g0002,polymarket,45,0.4268
g0002,kalshi,46,0.4153
g0002,polymarket,46,0.4153
g0002,kalshi,47,0.4265
g0002,polymarket,47,0.4205
g0002,kalshi,48,0.4343
g0002,polymarket,48,0.4367
g0002,kalshi,49,0.4519
g0002,polymarket,49,0.4411
g0002,kalshi,50,0.4243
g0002,polymarket,50,0.4171
g0002,kalshi,51,0.4523
g0002,polymarket,51,0.4576
g0002,kalshi,52,0.469
g0002,polymarket,52,0.4536
g0002,kalshi,53,0.4433
g0002,polymarket,53,0.4393
g0002,kalshi,54,0.4341
g0002,polymarket,54,0.4676
g0002,kalshi,55,0.414
g0002,polymarket,55,0.4107
g0002,kalshi,56,0.4177
g0002,polymarket,56,0.3988
g0002,kalshi,57,0.4253
g0002,polymarket,57,0.4069
g0002,kalshi,58,0.4244
g0002,polymarket,58,0.4151
g0002,kalshi,59,0.4212
g0002,polymarket,59,0.43
g0002,kalshi,60,0.4398
g0002,polymarket,60,0.4542
g0002,kalshi,61,0.453
g0002,polymarket,61,0.4645
g0002,kalshi,62,0.4632
g0002,polymarket,62,0.4672
g0002,kalshi,63,0.4532
g0002,polymarket,63,0.4491
g0002,kalshi,64,0.4686
g0002,polymarket,64,0.5404
g0002,kalshi,65,0.492
g0002,polymarket,65,0.5151
g0002,kalshi,66,0.4993
g0002,polymarket,66,0.498
g0002,kalshi,67,0.4993
g0002,polymarket,67,0.4956
g0002,kalshi,68,0.4977
g0002,polymarket,68,0.5079
g0002,kalshi,69,0.4886
g0002,polymarket,69,0.5013
g0002,kalshi,70,0.4929
g0002,polymarket,70,0.5083
g0002,kalshi,71,0.4997
g0002,polymarket,71,0.5009
g0002,kalshi,72,0.4764
g0002,polymarket,72,0.4775
g0002,kalshi,73,0.4911
g0002,polymarket,73,0.4798
g0002,kalshi,74,0.4918
g0002,polymarket,74,0.4893
g0002,kalshi,75,0.4878
g0002,polymarket,75,0.4711
g0002,kalshi,76,0.5033
g0002,polymarket,76,0.5127
g0002,kalshi,77,0.4934
g0002,polymarket,77,0.4738
g0002,kalshi,78,0.4904
g0002,polymarket,78,0.4828
g0002,kalshi,79,0.4886
g0002,polymarket,79,0.5096
g0003,kalshi,0,0.5176
g0003,polymarket,0,0.5288
g0003,kalshi,1,0.5265
g0003,polymarket,1,0.5078
g0003,kalshi,2,0.5385
g0003,polymarket,2,0.5536
g0003,kalshi,3,0.5147
g0003,polymarket,3,0.5059
g0003,kalshi,4,0.5134
g0003,polymarket,4,0.4946
g0003,kalshi,5,0.4504
g0003,polymarket,5,0.441
g0003,kalshi,6,0.4527
g0003,polymarket,6,0.4452
g0003,kalshi,7,0.4474
g0003,polymarket,7,0.4511
g0003,kalshi,8,0.4323
g0003,polymarket,8,0.4345
g0003,kalshi,9,0.413
g0003,polymarket,9,0.4279
g0003,kalshi,10,0.4052
g0003,polymarket,10,0.3949
g0003,kalshi,11,0.4059
g0003,polymarket,11,0.3893
g0003,kalshi,12,0.4028
g0003,polymarket,12,0.3973
g0003,kalshi,13,0.4037
g0003,polymarket,13,0.3939
g0003,kalshi,14,0.3915
g0003,polymarket,14,0.3908
g0003,kalshi,15,0.3909
g0003,polymarket,15,0.3914
g0003,kalshi,16,0.364
g0003,polymarket,16,0.306
g0003,kalshi,17,0.3632
g0003,polymarket,17,0.3557
g0003,kalshi,18,0.4036
g0003,polymarket,18,0.4051
g0003,kalshi,19,0.4347
g0003,polymarket,19,0.427
g0003,kalshi,20,0.4283
g0003,polymarket,20,0.4167
g0003,kalshi,21,0.4222
g0003,polymarket,21,0.4412
g0003,kalshi,22,0.4337
g0003,polymarket,22,0.4337
g0003,kalshi,23,0.4462
g0003,polymarket,23,0.433
g0003,kalshi,24,0.3829
g0003,polymarket,24,0.4007
g0003,kalshi,25,0.3689
g0003,polymarket,25,0.3464
g0003,kalshi,26,0.3854
g0003,polymarket,26,0.3748
g0003,kalshi,27,0.3801
g0003,polymarket,27,0.3815
g0003,kalshi,28,0.3763
g0003,polymarket,28,0.374
g0003,kalshi,29,0.3422
g0003,polymarket,29,0.3422
g0003,kalshi,30,0.357
g0003,polymarket,30,0.3648
g0003,kalshi,31,0.337
g0003,polymarket,31,0.3451
g0003,kalshi,32,0.3425
g0003,polymarket,32,0.3533
g0003,kalshi,33,0.325
g0003,polymarket,33,0.3541
g0003,kalshi,34,0.3153
g0003,polymarket,34,0.3245
g0003,kalshi,35,0.3282
g0003,polymarket,35,0.3363
g0003,kalshi,36,0.3169
g0003,polymarket,36,0.2976
g0003,kalshi,37,0.2984
g0003,polymarket,37,0.3066
g0003,kalshi,38,0.2913
g0003,polymarket,38,0.3226
g0003,kalshi,39,0.2907
g0003,polymarket,39,0.2687
g0003,kalshi,40,0.2881
g0003,polymarket,40,0.2979
g0003,kalshi,41,0.307
g0003,polymarket,41,0.3053
g0003,kalshi,42,0.3275
g0003,polymarket,42,0.3058
g0003,kalshi,43,0.3223
g0003,polymarket,43,0.3129
g0003,kalshi,44,0.3441
g0003,polymarket,44,0.3513
g0003,kalshi,45,0.3434
g0003,polymarket,45,0.349
g0003,kalshi,46,0.3516
g0003,polymarket,46,0.3479
g0003,kalshi,47,0.3451
g0003,polymarket,47,0.3606
g0003,kalshi,48,0.3741
g0003,polymarket,48,0.3765
g0003,kalshi,49,0.4057
g0003,polymarket,49,0.4127
g0003,kalshi,50,0.4111
g0003,polymarket,50,0.4203
g0003,kalshi,51,0.4164
g0003,polymarket,51,0.3988
g0003,kalshi,52,0.3773
g0003,polymarket,52,0.3599
g0003,kalshi,53,0.379
g0003,polymarket,53,0.374
g0003,kalshi,54,0.3528
g0003,polymarket,54,0.409
g0003,kalshi,55,0.3614
g0003,polymarket,55,0.3607
g0003,kalshi,56,0.3543
g0003,polymarket,56,0.3509
g0003,kalshi,57,0.3474
g0003,polymarket,57,0.339
g0003,kalshi,58,0.3493
g0003,polymarket,58,0.3467
g0003,kalshi,59,0.3458
g0003,polymarket,59,0.2802
g0003,kalshi,60,0.3669
g0003,polymarket,60,0.3647
g0003,kalshi,61,0.344
g0003,polymarket,61,0.3677
g0003,kalshi,62,0.3753
g0003,polymarket,62,0.3711
g0003,kalshi,63,0.371
g0003,polymarket,63,0.3625
g0003,kalshi,64,0.3463
g0003,polymarket,64,0.3557
g0003,kalshi,65,0.3392
g0003,polymarket,65,0.324
g0003,kalshi,66,0.3319
g0003,polymarket,66,0.3413
g0003,kalshi,67,0.342
g0003,polymarket,67,0.3636
g0003,kalshi,68,0.3683
g0003,polymarket,68,0.36
g0003,kalshi,69,0.3899
g0003,polymarket,69,0.3959
g0003,kalshi,70,0.4149
g0003,polymarket,70,0.4156
g0003,kalshi,71,0.4098
g0003,polymarket,71,0.415
g0003,kalshi,72,0.3984
g0003,polymarket,72,0.3769
g0003,kalshi,73,0.3946
g0003,polymarket,73,0.4061
g0003,kalshi,74,0.3878
g0003,polymarket,74,0.3729
g0003,kalshi,75,0.3748
g0003,polymarket,75,0.3977
g0003,kalshi,76,0.3851
g0003,polymarket,76,0.4571
g0003,kalshi,77,0.39
g0003,polymarket,77,0.3929
g0003,kalshi,78,0.3877
g0003,polymarket,78,0.4408
g0003,kalshi,79,0.3953
g0003,polymarket,79,0.3912
g0004,kalshi,0,0.4416
g0004,polymarket,0,0.4472
g0004,kalshi,1,0.4116
g0004,polymarket,1,0.4182
g0004,kalshi,2,0.3802
g0004,polymarket,2,0.4524
g0004,kalshi,3,0.4026
g0004,polymarket,3,0.3781
g0004,kalshi,4,0.4097
g0004,polymarket,4,0.389
g0004,kalshi,5,0.4294
g0004,polymarket,5,0.4462
g0004,kalshi,6,0.3761
g0004,polymarket,6,0.3905
g0004,kalshi,7,0.3959
g0004,polymarket,7,0.4186
g0004,kalshi,8,0.3625
g0004,polymarket,8,0.3488
g0004,kalshi,9,0.3632
g0004,polymarket,9,0.3551
g0004,kalshi,10,0.348
g0004,polymarket,10,0.357
g0004,kalshi,11,0.3342
g0004,polymarket,11,0.338
g0004,kalshi,12,0.3529
g0004,polymarket,12,0.3478
g0004,kalshi,13,0.3388
g0004,polymarket,13,0.3511
g0004,kalshi,14,0.3215
g0004,polymarket,14,0.3191
g0004,kalshi,15,0.3318
g0004,polymarket,15,0.3347
g0004,kalshi,16,0.3413
g0004,polymarket,16,0.3514
g0004,kalshi,17,0.3182
g0004,polymarket,17,0.3141
g0004,kalshi,18,0.3125
g0004,polymarket,18,0.3162
g0004,kalshi,19,0.3047
g0004,polymarket,19,0.3041
g0004,kalshi,20,0.3176
g0004,polymarket,20,0.3131
g0004,kalshi,21,0.3007
g0004,polymarket,21,0.3056
g0004,kalshi,22,0.3143
g0004,polymarket,22,0.2922
g0004,kalshi,23,0.2704
g0004,polymarket,23,0.2609
g0004,kalshi,24,0.2366
g0004,polymarket,24,0.2564
g0004,kalshi,25,0.2545
g0004,polymarket,25,0.2592
g0004,kalshi,26,0.2358
g0004,polymarket,26,0.224
g0004,kalshi,27,0.2358
g0004,polymarket,27,0.2292
g0004,kalshi,28,0.216
g0004,polymarket,28,0.1959
g0004,kalshi,29,0.219
g0004,polymarket,29,0.2209
g0004,kalshi,30,0.2343
g0004,polymarket,30,0.2471
g0004,kalshi,31,0.2437
g0004,polymarket,31,0.2263
g0004,kalshi,32,0.2606
g0004,polymarket,32,0.266
g0004,kalshi,33,0.2836
g0004,polymarket,33,0.2894
g0004,kalshi,34,0.2788
g0004,polymarket,34,0.2762
g0004,kalshi,35,0.2845
g0004,polymarket,35,0.2742
g0004,kalshi,36,0.2932
g0004,polymarket,36,0.286
g0004,kalshi,37,0.2949
g0004,polymarket,37,0.2855
g0004,kalshi,38,0.2724
g0004,polymarket,38,0.2466
g0004,kalshi,39,0.2818
g0004,polymarket,39,0.2808
g0004,kalshi,40,0.279
g0004,polymarket,40,0.2877
g0004,kalshi,41,0.2579
g0004,polymarket,41,0.2592
g0004,kalshi,42,0.287
g0004,polymarket,42,0.3074
g0004,kalshi,43,0.2942
g0004,polymarket,43,0.2937
g0004,kalshi,44,0.316
g0004,polymarket,44,0.3802
g0004,kalshi,45,0.3471
g0004,polymarket,45,0.3463
g0004,kalshi,46,0.3002
g0004,polymarket,46,0.3109
g0004,kalshi,47,0.3219
g0004,polymarket,47,0.3151
g0004,kalshi,48,0.3408
g0004,polymarket,48,0.3376
g0004,kalshi,49,0.321
g0004,polymarket,49,0.3291
g0004,kalshi,50,0.305
g0004,polymarket,50,0.3141
g0004,kalshi,51,0.3159
g0004,polymarket,51,0.3166
g0004,kalshi,52,0.3302
g0004,polymarket,52,0.3121
g0004,kalshi,53,0.3164
g0004,polymarket,53,0.3187
g0004,kalshi,54,0.35
g0004,polymarket,54,0.375
g0004,kalshi,55,0.3494
g0004,polymarket,55,0.3096
g0004,kalshi,56,0.3311
g0004,polymarket,56,0.3469
g0004,kalshi,57,0.374
g0004,polymarket,57,0.3753
g0004,kalshi,58,0.3754
g0004,polymarket,58,0.3888
g0004,kalshi,59,0.384
g0004,polymarket,59,0.4531
g0004,kalshi,60,0.3762
g0004,polymarket,60,0.379
g0004,kalshi,61,0.4031
g0004,polymarket,61,0.399
g0004,kalshi,62,0.4166
g0004,polymarket,62,0.4091
g0004,kalshi,63,0.4082
g0004,polymarket,63,0.4032
g0004,kalshi,64,0.3926
g0004,polymarket,64,0.4074
g0004,kalshi,65,0.3719
g0004,polymarket,65,0.3762
g0004,kalshi,66,0.375
g0004,polymarket,66,0.379
g0004,kalshi,67,0.3857
g0004,polymarket,67,0.4076
g0004,kalshi,68,0.4042
g0004,polymarket,68,0.3947
g0004,kalshi,69,0.3748
g0004,polymarket,69,0.3523
g0004,kalshi,70,0.3831
g0004,polymarket,70,0.4146
g0004,kalshi,71,0.388
g0004,polymarket,71,0.4046
g0004,kalshi,72,0.4152
g0004,polymarket,72,0.3962
g0004,kalshi,73,0.4359
g0004,polymarket,73,0.4322
g0004,kalshi,74,0.4212
g0004,polymarket,74,0.4392
g0004,kalshi,75,0.4271
g0004,polymarket,75,0.4883
g0004,kalshi,76,0.3902
g0004,polymarket,76,0.3797
g0004,kalshi,77,0.368
g0004,polymarket,77,0.3631
g0004,kalshi,78,0.3379
g0004,polymarket,78,0.3536
g0004,kalshi,79,0.3827
g0004,polymarket,79,0.3781
g0005,kalshi,0,0.5797
g0005,polymarket,0,0.5795
g0005,kalshi,1,0.6054
g0005,polymarket,1,0.6121
g0005,kalshi,2,0.6102
g0005,polymarket,2,0.5958
g0005,kalshi,3,0.6092
g0005,polymarket,3,0.6352
g0005,kalshi,4,0.6116
g0005,polymarket,4,0.603
g0005,kalshi,5,0.6514
g0005,polymarket,5,0.6569
g0005,kalshi,6,0.6455
g0005,polymarket,6,0.6487
g0005,kalshi,7,0.6221
g0005,polymarket,7,0.6046
g0005,kalshi,8,0.6088
g0005,polymarket,8,0.5863
g0005,kalshi,9,0.601
g0005,polymarket,9,0.5859
g0005,kalshi,10,0.5668
g0005,polymarket,10,0.5516
g0005,kalshi,11,0.5311
g0005,polymarket,11,0.5424
g0005,kalshi,12,0.5175
g0005,polymarket,12,0.5053
g0005,kalshi,13,0.5486
g0005,polymarket,13,0.5574
g0005,kalshi,14,0.5425
g0005,polymarket,14,0.5138
g0005,kalshi,15,0.5343
g0005,polymarket,15,0.5203
g0005,kalshi,16,0.5271
g0005,polymarket,16,0.5484
g0005,kalshi,17,0.5557
g0005,polymarket,17,0.5439
g0005,kalshi,18,0.5452
g0005,polymarket,18,0.4809
g0005,kalshi,19,0.5433
g0005,polymarket,19,0.5434
g0005,kalshi,20,0.5378
g0005,polymarket,20,0.4759
g0005,kalshi,21,0.5505
g0005,polymarket,21,0.548
g0005,kalshi,22,0.5465
g0005,polymarket,22,0.5479
g0005,kalshi,23,0.5486
g0005,polymarket,23,0.554
g0005,kalshi,24,0.5713
g0005,polymarket,24,0.5853
g0005,kalshi,25,0.5549
g0005,polymarket,25,0.5709
g0005,kalshi,26,0.5629
g0005,polymarket,26,0.5465
g0005,kalshi,27,0.5679
g0005,polymarket,27,0.5545
g0005,kalshi,28,0.5931
g0005,polymarket,28,0.6726
g0005,kalshi,29,0.5893
g0005,polymarket,29,0.6026
g0005,kalshi,30,0.5861
g0005,polymarket,30,0.5929
g0005,kalshi,31,0.5721
g0005,polymarket,31,0.5694
g0005,kalshi,32,0.5493
g0005,polymarket,32,0.5725
g0005,kalshi,33,0.5161
g0005,polymarket,33,0.531
g0005,kalshi,34,0.5268
g0005,polymarket,34,0.54
g0005,kalshi,35,0.5567
g0005,polymarket,35,0.5549
g0005,kalshi,36,0.5762
g0005,polymarket,36,0.5555
g0005,kalshi,37,0.588
g0005,polymarket,37,0.5966
g0005,kalshi,38,0.5716
g0005,polymarket,38,0.5727
g0005,kalshi,39,0.5652
g0005,polymarket,39,0.5588
g0005,kalshi,40,0.5709
g0005,polymarket,40,0.5749
g0005,kalshi,41,0.5533
g0005,polymarket,41,0.5618
g0005,kalshi,42,0.565
g0005,polymarket,42,0.5654
g0005,kalshi,43,0.5734
g0005,polymarket,43,0.5676
g0005,kalshi,44,0.5895
g0005,polymarket,44,0.598
g0005,kalshi,45,0.5714
g0005,polymarket,45,0.5747
g0005,kalshi,46,0.6031
g0005,polymarket,46,0.6027
g0005,kalshi,47,0.5746
g0005,polymarket,47,0.5863
g0005,kalshi,48,0.5603
g0005,polymarket,48,0.5492
g0005,kalshi,49,0.5558
g0005,polymarket,49,0.4698
g0005,kalshi,50,0.5631
g0005,polymarket,50,0.5583
g0005,kalshi,51,0.5347
g0005,polymarket,51,0.5315
g0005,kalshi,52,0.5532
g0005,polymarket,52,0.5728
g0005,kalshi,53,0.5802
g0005,polymarket,53,0.577
g0005,kalshi,54,0.5922
g0005,polymarket,54,0.5984
g0005,kalshi,55,0.6116
g0005,polymarket,55,0.6146
g0005,kalshi,56,0.6107
g0005,polymarket,56,0.6137
g0005,kalshi,57,0.5988
g0005,polymarket,57,0.5817
g0005,kalshi,58,0.5931
g0005,polymarket,58,0.6114
g0005,kalshi,59,0.5823
g0005,polymarket,59,0.576
g0005,kalshi,60,0.5553
g0005,polymarket,60,0.5434
g0005,kalshi,61,0.5316
g0005,polymarket,61,0.5127
g0005,kalshi,62,0.5378
g0005,polymarket,62,0.5576
g0005,kalshi,63,0.5303
g0005,polymarket,63,0.5453
g0005,kalshi,64,0.5473
g0005,polymarket,64,0.5677
g0005,kalshi,65,0.5895
g0005,polymarket,65,0.5963
g0005,kalshi,66,0.6015
g0005,polymarket,66,0.605
g0005,kalshi,67,0.6327
g0005,polymarket,67,0.642
g0005,kalshi,68,0.6126
g0005,polymarket,68,0.6087
g0005,kalshi,69,0.6354
g0005,polymarket,69,0.6103
g0005,kalshi,70,0.6207
g0005,polymarket,70,0.6229
g0005,kalshi,71,0.6179
g0005,polymarket,71,0.604
g0005,kalshi,72,0.5991
g0005,polymarket,72,0.5203
g0005,kalshi,73,0.5983
g0005,polymarket,73,0.6029
g0005,kalshi,74,0.5903
g0005,polymarket,74,0.5962
g0005,kalshi,75,0.5924
g0005,polymarket,75,0.5792
g0005,kalshi,76,0.6164
g0005,polymarket,76,0.5941
g0005,kalshi,77,0.5958
g0005,polymarket,77,0.5995
g0005,kalshi,78,0.6025
g0005,polymarket,78,0.6102
g0005,kalshi,79,0.6264
g0005,polymarket,79,0.6301
g0006,kalshi,0,0.591
g0006,polymarket,0,0.6029
g0006,kalshi,1,0.5949
g0006,polymarket,1,0.5981
g0006,kalshi,2,0.5773
g0006,polymarket,2,0.5899
g0006,kalshi,3,0.5605
g0006,polymarket,3,0.5572
g0006,kalshi,4,0.5853
g0006,polymarket,4,0.5736
g0006,kalshi,5,0.567
g0006,polymarket,5,0.5615
g0006,kalshi,6,0.552
g0006,polymarket,6,0.555
g0006,kalshi,7,0.5751
g0006,polymarket,7,0.5523
g0006,kalshi,8,0.5847
g0006,polymarket,8,0.5555
g0006,kalshi,9,0.5859
g0006,polymarket,9,0.5843
g0006,kalshi,10,0.5562
g0006,polymarket,10,0.544
g0006,kalshi,11,0.5268
g0006,polymarket,11,0.5347
g0006,kalshi,12,0.5639
g0006,polymarket,12,0.5558
g0006,kalshi,13,0.5517
g0006,polymarket,13,0.5303
g0006,kalshi,14,0.5739
g0006,polymarket,14,0.5792
g0006,kalshi,15,0.6052
g0006,polymarket,15,0.586
g0006,kalshi,16,0.6226
g0006,polymarket,16,0.6143
g0006,kalshi,17,0.6213
g0006,polymarket,17,0.6024
g0006,kalshi,18,0.6338
g0006,polymarket,18,0.6508
g0006,kalshi,19,0.6633
g0006,polymarket,19,0.6653
g0006,kalshi,20,0.666
g0006,polymarket,20,0.6569
g0006,kalshi,21,0.6901
g0006,polymarket,21,0.6765
g0006,kalshi,22,0.6873
g0006,polymarket,22,0.6968
g0006,kalshi,23,0.6867
g0006,polymarket,23,0.6293
g0006,kalshi,24,0.7022
g0006,polymarket,24,0.751
g0006,kalshi,25,0.6682
g0006,polymarket,25,0.6096
g0006,kalshi,26,0.6615
g0006,polymarket,26,0.6681
g0006,kalshi,27,0.6657
g0006,polymarket,27,0.6613
g0006,kalshi,28,0.6627
g0006,polymarket,28,0.6553
g0006,kalshi,29,0.6675
g0006,polymarket,29,0.6666
g0006,kalshi,30,0.6686
g0006,polymarket,30,0.6532
g0006,kalshi,31,0.6711
g0006,polymarket,31,0.6814
g0006,kalshi,32,0.6916
g0006,polymarket,32,0.7018
g0006,kalshi,33,0.6454
g0006,polymarket,33,0.6381
g0006,kalshi,34,0.6576
g0006,polymarket,34,0.6653
g0006,kalshi,35,0.6756
g0006,polymarket,35,0.6718
g0006,kalshi,36,0.648
g0006,polymarket,36,0.652
g0006,kalshi,37,0.6337
g0006,polymarket,37,0.6357
g0006,kalshi,38,0.6385
g0006,polymarket,38,0.6365
g0006,kalshi,39,0.6557
g0006,polymarket,39,0.6514
g0006,kalshi,40,0.6763
g0006,polymarket,40,0.6532
g0006,kalshi,41,0.6764
g0006,polymarket,41,0.7076
g0006,kalshi,42,0.6781
g0006,polymarket,42,0.6548
g0006,kalshi,43,0.6999
g0006,polymarket,43,0.6909
g0006,kalshi,44,0.6879
g0006,polymarket,44,0.6932
g0006,kalshi,45,0.718
g0006,polymarket,45,0.7133
g0006,kalshi,46,0.7684
g0006,polymarket,46,0.7797
g0006,kalshi,47,0.7717
g0006,polymarket,47,0.7525
g0006,kalshi,48,0.7791
g0006,polymarket,48,0.7848
g0006,kalshi,49,0.7561
g0006,polymarket,49,0.765
g0006,kalshi,50,0.7676
g0006,polymarket,50,0.7487
g0006,kalshi,51,0.7675
g0006,polymarket,51,0.7749
g0006,kalshi,52,0.7754
g0006,polymarket,52,0.7801
g0006,kalshi,53,0.7851
g0006,polymarket,53,0.7695
g0006,kalshi,54,0.7911
g0006,polymarket,54,0.8031
g0006,kalshi,55,0.8103
g0006,polymarket,55,0.8113
g0006,kalshi,56,0.7999
g0006,polymarket,56,0.7828
g0006,kalshi,57,0.7703
g0006,polymarket,57,0.7768
g0006,kalshi,58,0.735
g0006,polymarket,58,0.7328
g0006,kalshi,59,0.73
g0006,polymarket,59,0.7185
g0006,kalshi,60,0.7134
g0006,polymarket,60,0.705
g0006,kalshi,61,0.7226
g0006,polymarket,61,0.7234
g0006,kalshi,62,0.7272
g0006,polymarket,62,0.7213
g0006,kalshi,63,0.7194
g0006,polymarket,63,0.6624
g0006,kalshi,64,0.7359
g0006,polymarket,64,0.739
g0006,kalshi,65,0.7579
g0006,polymarket,65,0.8024
g0006,kalshi,66,0.7741
g0006,polymarket,66,0.7634
g0006,kalshi,67,0.7762
g0006,polymarket,67,0.7639
g0006,kalshi,68,0.7866
g0006,polymarket,68,0.7939
g0006,kalshi,69,0.8046
g0006,polymarket,69,0.81
g0006,kalshi,70,0.8099
g0006,polymarket,70,0.8145
g0006,kalshi,71,0.8262
g0006,polymarket,71,0.7987
g0006,kalshi,72,0.8321
g0006,polymarket,72,0.8265
g0006,kalshi,73,0.8539
g0006,polymarket,73,0.8399
g0006,kalshi,74,0.8515
g0006,polymarket,74,0.8582
g0006,kalshi,75,0.8523
g0006,polymarket,75,0.8519
g0006,kalshi,76,0.851
g0006,polymarket,76,0.8627
g0006,kalshi,77,0.8496
g0006,polymarket,77,0.8406
g0006,kalshi,78,0.8542
g0006,polymarket,78,0.8501
g0006,kalshi,79,0.855
g0006,polymarket,79,0.8615
g0007,kalshi,0,0.5175
g0007,polymarket,0,0.5119
g0007,kalshi,1,0.5118
g0007,polymarket,1,0.5067
g0007,kalshi,2,0.5456
g0007,polymarket,2,0.5619
g0007,kalshi,3,0.5365
g0007,polymarket,3,0.5376
g0007,kalshi,4,0.5087
g0007,polymarket,4,0.521
g0007,kalshi,5,0.5181
g0007,polymarket,5,0.5196
g0007,kalshi,6,0.5277
g0007,polymarket,6,0.545
g0007,kalshi,7,0.5271
g0007,polymarket,7,0.5171
g0007,kalshi,8,0.5347
g0007,polymarket,8,0.5535
g0007,kalshi,9,0.5362
g0007,polymarket,9,0.5543
g0007,kalshi,10,0.5158
g0007,polymarket,10,0.5297
g0007,kalshi,11,0.5387
g0007,polymarket,11,0.5416
g0007,kalshi,12,0.5569
g0007,polymarket,12,0.5408
g0007,kalshi,13,0.5435
g0007,polymarket,13,0.5459
g0007,kalshi,14,0.542
g0007,polymarket,14,0.5511
g0007,kalshi,15,0.5547
g0007,polymarket,15,0.5759
g0007,kalshi,16,0.5687
g0007,polymarket,16,0.5801
g0007,kalshi,17,0.5757
g0007,polymarket,17,0.5836
g0007,kalshi,18,0.5856
g0007,polymarket,18,0.5746
g0007,kalshi,19,0.5821
g0007,polymarket,19,0.5604
g0007,kalshi,20,0.5808
g0007,polymarket,20,0.5745
g0007,kalshi,21,0.6022
g0007,polymarket,21,0.5827
g0007,kalshi,22,0.5827
g0007,polymarket,22,0.6051
g0007,kalshi,23,0.6001
g0007,polymarket,23,0.6039
g0007,kalshi,24,0.6065
g0007,polymarket,24,0.6581
g0007,kalshi,25,0.5754
g0007,polymarket,25,0.5869
g0007,kalshi,26,0.5698
g0007,polymarket,26,0.5882
g0007,kalshi,27,0.5491
g0007,polymarket,27,0.5291
g0007,kalshi,28,0.552
g0007,polymarket,28,0.5448
g0007,kalshi,29,0.5905
g0007,polymarket,29,0.6019
g0007,kalshi,30,0.5732
g0007,polymarket,30,0.5879
g0007,kalshi,31,0.584
g0007,polymarket,31,0.5016
g0007,kalshi,32,0.5747
g0007,polymarket,32,0.5864
g0007,kalshi,33,0.5727
g0007,polymarket,33,0.5806
g0007,kalshi,34,0.5609
g0007,polymarket,34,0.5842
g0007,kalshi,35,0.5333
g0007,polymarket,35,0.5994
g0007,kalshi,36,0.5322
g0007,polymarket,36,0.5464
g0007,kalshi,37,0.5123
g0007,polymarket,37,0.5287
g0007,kalshi,38,0.5333
g0007,polymarket,38,0.5437
g0007,kalshi,39,0.5156
g0007,polymarket,39,0.5263
g0007,kalshi,40,0.5408
g0007,polymarket,40,0.5342
g0007,kalshi,41,0.5406
g0007,polymarket,41,0.5383
g0007,kalshi,42,0.5715
g0007,polymarket,42,0.578
g0007,kalshi,43,0.5619
g0007,polymarket,43,0.5632
g0007,kalshi,44,0.5566
g0007,polymarket,44,0.6234
g0007,kalshi,45,0.5633
g0007,polymarket,45,0.5563
g0007,kalshi,46,0.5647
g0007,polymarket,46,0.554
g0007,kalshi,47,0.5634
g0007,polymarket,47,0.5732
g0007,kalshi,48,0.5791
g0007,polymarket,48,0.5872
g0007,kalshi,49,0.5971
g0007,polymarket,49,0.6056
g0007,kalshi,50,0.5913
g0007,polymarket,50,0.5979
g0007,kalshi,51,0.5734
g0007,polymarket,51,0.5633
g0007,kalshi,52,0.5733
g0007,polymarket,52,0.5811
g0007,kalshi,53,0.5757
g0007,polymarket,53,0.5817
g0007,kalshi,54,0.5954
g0007,polymarket,54,0.584
g0007,kalshi,55,0.6387
g0007,polymarket,55,0.6353
g0007,kalshi,56,0.6643
g0007,polymarket,56,0.6736
g0007,kalshi,57,0.6719
g0007,polymarket,57,0.6782
g0007,kalshi,58,0.6699
g0007,polymarket,58,0.6571
g0007,kalshi,59,0.6065
g0007,polymarket,59,0.638
g0007,kalshi,60,0.5757
g0007,polymarket,60,0.5779
g0007,kalshi,61,0.5881
g0007,polymarket,61,0.5847
g0007,kalshi,62,0.608
g0007,polymarket,62,0.597
g0007,kalshi,63,0.6356
g0007,polymarket,63,0.6548
g0007,kalshi,64,0.6062
g0007,polymarket,64,0.6168
g0007,kalshi,65,0.6413
g0007,polymarket,65,0.6404
g0007,kalshi,66,0.6482
g0007,polymarket,66,0.6559
g0007,kalshi,67,0.6511
g0007,polymarket,67,0.6605
g0007,kalshi,68,0.6424
g0007,polymarket,68,0.6574
g0007,kalshi,69,0.6365
g0007,polymarket,69,0.639
g0007,kalshi,70,0.6461
g0007,polymarket,70,0.692
g0007,kalshi,71,0.6604
g0007,polymarket,71,0.6728
g0007,kalshi,72,0.6835
g0007,polymarket,72,0.6962
g0007,kalshi,73,0.6619
g0007,polymarket,73,0.6693
g0007,kalshi,74,0.6428
g0007,polymarket,74,0.6492
g0007,kalshi,75,0.6312
g0007,polymarket,75,0.6415
g0007,kalshi,76,0.6443
g0007,polymarket,76,0.6443
g0007,kalshi,77,0.663
g0007,polymarket,77,0.6588
g0007,kalshi,78,0.6961
g0007,polymarket,78,0.7089
g0007,kalshi,79,0.7044
g0007,polymarket,79,0.7102
g0008,kalshi,0,0.5049
g0008,polymarket,0,0.4872
g0008,kalshi,1,0.4815
g0008,polymarket,1,0.4754
g0008,kalshi,2,0.4768
g0008,polymarket,2,0.4481
g0008,kalshi,3,0.4716
g0008,polymarket,3,0.487
g0008,kalshi,4,0.4806
g0008,polymarket,4,0.4896
g0008,kalshi,5,0.477
g0008,polymarket,5,0.499
g0008,kalshi,6,0.4874
g0008,polymarket,6,0.4909
g0008,kalshi,7,0.5009
g0008,polymarket,7,0.4843
g0008,kalshi,8,0.4934
g0008,polymarket,8,0.4858
g0008,kalshi,9,0.5212
g0008,polymarket,9,0.452
g0008,kalshi,10,0.4894
g0008,polymarket,10,0.4747
g0008,kalshi,11,0.5069
g0008,polymarket,11,0.5112
g0008,kalshi,12,0.5107
g0008,polymarket,12,0.4605
g0008,kalshi,13,0.5118
g0008,polymarket,13,0.5193
g0008,kalshi,14,0.5122
g0008,polymarket,14,0.5078
g0008,kalshi,15,0.5025
g0008,polymarket,15,0.4992
g0008,kalshi,16,0.5176
g0008,polymarket,16,0.5266
g0008,kalshi,17,0.5155
g0008,polymarket,17,0.5205
g0008,kalshi,18,0.4956
g0008,polymarket,18,0.4731
g0008,kalshi,19,0.4963
g0008,polymarket,19,0.567
g0008,kalshi,20,0.5072
g0008,polymarket,20,0.5118
g0008,kalshi,21,0.5135
g0008,polymarket,21,0.5191
g0008,kalshi,22,0.5194
g0008,polymarket,22,0.5368
g0008,kalshi,23,0.5303
g0008,polymarket,23,0.5219
g0008,kalshi,24,0.5363
g0008,polymarket,24,0.5415
g0008,kalshi,25,0.5578
g0008,polymarket,25,0.4877
g0008,kalshi,26,0.5303
g0008,polymarket,26,0.5302
g0008,kalshi,27,0.5158
g0008,polymarket,27,0.495
g0008,kalshi,28,0.5203
g0008,polymarket,28,0.5173
g0008,kalshi,29,0.4852
g0008,polymarket,29,0.4724
g0008,kalshi,30,0.4725
g0008,polymarket,30,0.496
g0008,kalshi,31,0.4694
g0008,polymarket,31,0.4573
g0008,kalshi,32,0.47
g0008,polymarket,32,0.4535
g0008,kalshi,33,0.461
g0008,polymarket,33,0.4643
g0008,kalshi,34,0.4515
g0008,polymarket,34,0.4573
g0008,kalshi,35,0.4481
g0008,polymarket,35,0.4417
g0008,kalshi,36,0.4454
g0008,polymarket,36,0.4644
g0008,kalshi,37,0.4914
g0008,polymarket,37,0.4859
g0008,kalshi,38,0.484
g0008,polymarket,38,0.4831
g0008,kalshi,39,0.4441
g0008,polymarket,39,0.4566
g0008,kalshi,40,0.4357
g0008,polymarket,40,0.4444
g0008,kalshi,41,0.4619
g0008,polymarket,41,0.4602
g0008,kalshi,42,0.4337
g0008,polymarket,42,0.4202
g0008,kalshi,43,0.4415
g0008,polymarket,43,0.4492
g0008,kalshi,44,0.4581
g0008,polymarket,44,0.4618
g0008,kalshi,45,0.4901
g0008,polymarket,45,0.4844
g0008,kalshi,46,0.4965
g0008,polymarket,46,0.508
g0008,kalshi,47,0.5043
g0008,polymarket,47,0.5042
g0008,kalshi,48,0.5202
g0008,polymarket,48,0.5138
g0008,kalshi,49,0.517
g0008,polymarket,49,0.5144
g0008,kalshi,50,0.4961
g0008,polymarket,50,0.509
g0008,kalshi,51,0.47
g0008,polymarket,51,0.5616
g0008,kalshi,52,0.4881
g0008,polymarket,52,0.4876
g0008,kalshi,53,0.4927
g0008,polymarket,53,0.5015
g0008,kalshi,54,0.487
g0008,polymarket,54,0.4869
g0008,kalshi,55,0.5065
g0008,polymarket,55,0.5217
g0008,kalshi,56,0.4995
g0008,polymarket,56,0.4922
g0008,kalshi,57,0.5034
g0008,polymarket,57,0.4955
g0008,kalshi,58,0.5163
g0008,polymarket,58,0.5107
g0008,kalshi,59,0.5551
g0008,polymarket,59,0.5643
g0008,kalshi,60,0.5337
g0008,polymarket,60,0.5091
g0008,kalshi,61,0.5015
g0008,polymarket,61,0.4977
g0008,kalshi,62,0.4915
g0008,polymarket,62,0.5183
g0008,kalshi,63,0.4661
g0008,polymarket,63,0.4666
g0008,kalshi,64,0.4739
g0008,polymarket,64,0.4811
g0008,kalshi,65,0.4474
g0008,polymarket,65,0.4452
g0008,kalshi,66,0.4109
g0008,polymarket,66,0.4199
g0008,kalshi,67,0.4207
g0008,polymarket,67,0.4328
g0008,kalshi,68,0.4153
g0008,polymarket,68,0.4267
g0008,kalshi,69,0.4017
g0008,polymarket,69,0.3738
g0008,kalshi,70,0.394
g0008,polymarket,70,0.4138
g0008,kalshi,71,0.4183
g0008,polymarket,71,0.4356
g0008,kalshi,72,0.4254
g0008,polymarket,72,0.4123
g0008,kalshi,73,0.4609
g0008,polymarket,73,0.4593
g0008,kalshi,74,0.4909
g0008,polymarket,74,0.4807
g0008,kalshi,75,0.4852
g0008,polymarket,75,0.4755
g0008,kalshi,76,0.501
g0008,polymarket,76,0.4872
g0008,kalshi,77,0.5158
g0008,polymarket,77,0.5057
g0008,kalshi,78,0.5049
g0008,polymarket,78,0.4962
g0008,kalshi,79,0.4913
g0008,polymarket,79,0.5074
g0009,kalshi,0,0.4863
g0009,polymarket,0,0.4986
g0009,kalshi,1,0.4752
g0009,polymarket,1,0.4825
g0009,kalshi,2,0.4648
g0009,polymarket,2,0.4486
g0009,kalshi,3,0.4334
g0009,polymarket,3,0.4425
g0009,kalshi,4,0.4314
g0009,polymarket,4,0.4301
g0009,kalshi,5,0.4414
g0009,polymarket,5,0.4514
g0009,kalshi,6,0.4558
g0009,polymarket,6,0.4555
g0009,kalshi,7,0.4688
g0009,polymarket,7,0.4849
g0009,kalshi,8,0.4808
g0009,polymarket,8,0.5305
g0009,kalshi,9,0.4656
g0009,polymarket,9,0.4729
g0009,kalshi,10,0.4273
g0009,polymarket,10,0.4216
g0009,kalshi,11,0.4434
g0009,polymarket,11,0.4582
g0009,kalshi,12,0.4617
g0009,polymarket,12,0.4592
g0009,kalshi,13,0.4611
g0009,polymarket,13,0.5098
g0009,kalshi,14,0.4831
g0009,polymarket,14,0.4898
g0009,kalshi,15,0.4991
g0009,polymarket,15,0.5019
g0009,kalshi,16,0.526
g0009,polymarket,16,0.5311
g0009,kalshi,17,0.5113
g0009,polymarket,17,0.5175
g0009,kalshi,18,0.5262
g0009,polymarket,18,0.5246
g0009,kalshi,19,0.5683
g0009,polymarket,19,0.5719
g0009,kalshi,20,0.5759
g0009,polymarket,20,0.5685
g0009,kalshi,21,0.5475
g0009,polymarket,21,0.5634
g0009,kalshi,22,0.527
g0009,polymarket,22,0.5258
g0009,kalshi,23,0.5287
g0009,polymarket,23,0.5287
g0009,kalshi,24,0.5301
g0009,polymarket,24,0.541
g0009,kalshi,25,0.5395
g0009,polymarket,25,0.5234
g0009,kalshi,26,0.5141
g0009,polymarket,26,0.4493
g0009,kalshi,27,0.5513
g0009,polymarket,27,0.5574
g0009,kalshi,28,0.5176
g0009,polymarket,28,0.5078
g0009,kalshi,29,0.5707
g0009,polymarket,29,0.559
g0009,kalshi,30,0.6075
g0009,polymarket,30,0.5955
g0009,kalshi,31,0.5997
g0009,polymarket,31,0.5993
g0009,kalshi,32,0.5913
g0009,polymarket,32,0.5983
g0009,kalshi,33,0.5723
g0009,polymarket,33,0.5615
g0009,kalshi,34,0.5985
g0009,polymarket,34,0.5973
g0009,kalshi,35,0.5886
g0009,polymarket,35,0.594
g0009,kalshi,36,0.6021
g0009,polymarket,36,0.6107
g0009,kalshi,37,0.5889
g0009,polymarket,37,0.6423
g0009,kalshi,38,0.6122
g0009,polymarket,38,0.605
g0009,kalshi,39,0.6005
g0009,polymarket,39,0.6017
g0009,kalshi,40,0.593
g0009,polymarket,40,0.5833
g0009,kalshi,41,0.5969
g0009,polymarket,41,0.5961
g0009,kalshi,42,0.5864
g0009,polymarket,42,0.5747
g0009,kalshi,43,0.5837
g0009,polymarket,43,0.6005
g0009,kalshi,44,0.6177
g0009,polymarket,44,0.6156
g0009,kalshi,45,0.6022
g0009,polymarket,45,0.6301
g0009,kalshi,46,0.6234
g0009,polymarket,46,0.6142
g0009,kalshi,47,0.6533
g0009,polymarket,47,0.6493
g0009,kalshi,48,0.6253
g0009,polymarket,48,0.6278
g0009,kalshi,49,0.6604
g0009,polymarket,49,0.67
g0009,kalshi,50,0.6809
g0009,polymarket,50,0.6623
g0009,kalshi,51,0.6459
g0009,polymarket,51,0.6277
g0009,kalshi,52,0.6432
g0009,polymarket,52,0.6353
g0009,kalshi,53,0.6566
g0009,polymarket,53,0.658
g0009,kalshi,54,0.6158
g0009,polymarket,54,0.6269
g0009,kalshi,55,0.5728
g0009,polymarket,55,0.5971
g0009,kalshi,56,0.5672
g0009,polymarket,56,0.5501
g0009,kalshi,57,0.5931
g0009,polymarket,57,0.5914
g0009,kalshi,58,0.5852
g0009,polymarket,58,0.5762
g0009,kalshi,59,0.5797
g0009,polymarket,59,0.5766
g0009,kalshi,60,0.5498
g0009,polymarket,60,0.5389
g0009,kalshi,61,0.5582
g0009,polymarket,61,0.5627
g0009,kalshi,62,0.5722
g0009,polymarket,62,0.5597
g0009,kalshi,63,0.5594
g0009,polymarket,63,0.5528
g0009,kalshi,64,0.5559
g0009,polymarket,64,0.5587
g0009,kalshi,65,0.5251
g0009,polymarket,65,0.5278
g0009,kalshi,66,0.5438
g0009,polymarket,66,0.5632
g0009,kalshi,67,0.5368
g0009,polymarket,67,0.5399
g0009,kalshi,68,0.5529
g0009,polymarket,68,0.5475
g0009,kalshi,69,0.5454
g0009,polymarket,69,0.5441
g0009,kalshi,70,0.5714
g0009,polymarket,70,0.5784
g0009,kalshi,71,0.5604
g0009,polymarket,71,0.5629
g0009,kalshi,72,0.5471
g0009,polymarket,72,0.5369
g0009,kalshi,73,0.5282
g0009,polymarket,73,0.527
g0009,kalshi,74,0.5182
g0009,polymarket,74,0.5332
g0009,kalshi,75,0.4969
g0009,polymarket,75,0.4094
g0009,kalshi,76,0.505
g0009,polymarket,76,0.5004
g0009,kalshi,77,0.4997
g0009,polymarket,77,0.5053
g0009,kalshi,78,0.4893
g0009,polymarket,78,0.4699
g0009,kalshi,79,0.4755
g0009,polymarket,79,0.4564
g0010,kalshi,0,0.488
g0010,polymarket,0,0.4832
g0010,kalshi,1,0.4742
g0010,polymarket,1,0.4637
g0010,kalshi,2,0.4586
g0010,polymarket,2,0.4823
g0010,kalshi,3,0.4258
g0010,polymarket,3,0.4358
g0010,kalshi,4,0.4165
g0010,polymarket,4,0.411
g0010,kalshi,5,0.4114
g0010,polymarket,5,0.4008
g0010,kalshi,6,0.4036
g0010,polymarket,6,0.3982
g0010,kalshi,7,0.4088
g0010,polymarket,7,0.36
g0010,kalshi,8,0.3732
g0010,polymarket,8,0.3699
g0010,kalshi,9,0.3399
g0010,polymarket,9,0.3309
g0010,kalshi,10,0.3232
g0010,polymarket,10,0.2963
g0010,kalshi,11,0.3372
g0010,polymarket,11,0.3256
g0010,kalshi,12,0.3332
g0010,polymarket,12,0.3201
g0010,kalshi,13,0.3122
g0010,polymarket,13,0.3102
g0010,kalshi,14,0.2948
g0010,polymarket,14,0.2824
g0010,kalshi,15,0.3196
g0010,polymarket,15,0.3229
g0010,kalshi,16,0.3169
g0010,polymarket,16,0.3144
g0010,kalshi,17,0.3041
g0010,polymarket,17,0.2964
g0010,kalshi,18,0.3055
g0010,polymarket,18,0.3255
g0010,kalshi,19,0.2871
g0010,polymarket,19,0.2989
g0010,kalshi,20,0.3102
g0010,polymarket,20,0.3079
g0010,kalshi,21,0.2827
g0010,polymarket,21,0.3391
g0010,kalshi,22,0.3145
g0010,polymarket,22,0.2731
g0010,kalshi,23,0.2622
g0010,polymarket,23,0.2619
g0010,kalshi,24,0.2727
g0010,polymarket,24,0.2676
g0010,kalshi,25,0.278
g0010,polymarket,25,0.277
g0010,kalshi,26,0.2795
g0010,polymarket,26,0.2802
g0010,kalshi,27,0.2853
g0010,polymarket,27,0.2676
g0010,kalshi,28,0.2665
g0010,polymarket,28,0.2851
g0010,kalshi,29,0.2325
g0010,polymarket,29,0.2298
g0010,kalshi,30,0.2116
g0010,polymarket,30,0.1995
g0010,kalshi,31,0.2171
g0010,polymarket,31,0.2162
g0010,kalshi,32,0.2184
g0010,polymarket,32,0.2296
g0010,kalshi,33,0.1948
g0010,polymarket,33,0.1878
g0010,kalshi,34,0.1908
g0010,polymarket,34,0.196
g0010,kalshi,35,0.2071
g0010,polymarket,35,0.2023
g0010,kalshi,36,0.2058
g0010,polymarket,36,0.2128
g0010,kalshi,37,0.2447
g0010,polymarket,37,0.2657
g0010,kalshi,38,0.2323
g0010,polymarket,38,0.2167
g0010,kalshi,39,0.2426
g0010,polymarket,39,0.2574
g0010,kalshi,40,0.2641
g0010,polymarket,40,0.2593
g0010,kalshi,41,0.2871
g0010,polymarket,41,0.2833
g0010,kalshi,42,0.2579
g0010,polymarket,42,0.2494
g0010,kalshi,43,0.2423
g0010,polymarket,43,0.2388
g0010,kalshi,44,0.213
g0010,polymarket,44,0.2149
g0010,kalshi,45,0.2033
g0010,polymarket,45,0.2062
g0010,kalshi,46,0.2029
g0010,polymarket,46,0.2084
g0010,kalshi,47,0.1998
g0010,polymarket,47,0.2208
g0010,kalshi,48,0.2357
g0010,polymarket,48,0.2415
g0010,kalshi,49,0.24
g0010,polymarket,49,0.2345
g0010,kalshi,50,0.2249
g0010,polymarket,50,0.231
g0010,kalshi,51,0.2344
g0010,polymarket,51,0.2449
g0010,kalshi,52,0.2527
g0010,polymarket,52,0.265
g0010,kalshi,53,0.242
g0010,polymarket,53,0.2272
g0010,kalshi,54,0.2216
g0010,polymarket,54,0.2053
g0010,kalshi,55,0.2152
g0010,polymarket,55,0.2235
g0010,kalshi,56,0.2275
g0010,polymarket,56,0.222
g0010,kalshi,57,0.2448
g0010,polymarket,57,0.2473
g0010,kalshi,58,0.2242
g0010,polymarket,58,0.2182
g0010,kalshi,59,0.2375
g0010,polymarket,59,0.2243
g0010,kalshi,60,0.2345
g0010,polymarket,60,0.171
g0010,kalshi,61,0.2394
g0010,polymarket,61,0.2377
g0010,kalshi,62,0.2189
g0010,polymarket,62,0.203
g0010,kalshi,63,0.2158
g0010,polymarket,63,0.2049
g0010,kalshi,64,0.1888
g0010,polymarket,64,0.167
g0010,kalshi,65,0.1668
g0010,polymarket,65,0.1457
g0010,kalshi,66,0.1814
g0010,polymarket,66,0.1735
g0010,kalshi,67,0.1936
g0010,polymarket,67,0.2081
g0010,kalshi,68,0.207
g0010,polymarket,68,0.2015
g0010,kalshi,69,0.228
g0010,polymarket,69,0.2336
g0010,kalshi,70,0.2464
g0010,polymarket,70,0.2343
g0010,kalshi,71,0.2131
g0010,polymarket,71,0.2123
g0010,kalshi,72,0.2105
g0010,polymarket,72,0.2257
g0010,kalshi,73,0.1795
g0010,polymarket,73,0.1766
g0010,kalshi,74,0.1531
g0010,polymarket,74,0.1487
g0010,kalshi,75,0.1684
g0010,polymarket,75,0.1622
g0010,kalshi,76,0.1767
g0010,polymarket,76,0.1899
g0010,kalshi,77,0.1808
g0010,polymarket,77,0.2466
g0010,kalshi,78,0.1865
g0010,polymarket,78,0.1802
g0010,kalshi,79,0.2053
g0010,polymarket,79,0.2074
g0011,kalshi,0,0.5902
g0011,polymarket,0,0.5939
g0011,kalshi,1,0.5893
g0011,polymarket,1,0.5751
g0011,kalshi,2,0.6111
g0011,polymarket,2,0.6109
g0011,kalshi,3,0.6276
g0011,polymarket,3,0.6372
g0011,kalshi,4,0.6356
g0011,polymarket,4,0.6426
g0011,kalshi,5,0.6256
g0011,polymarket,5,0.6052
g0011,kalshi,6,0.6086
g0011,polymarket,6,0.5938
g0011,kalshi,7,0.5936
g0011,polymarket,7,0.5672
g0011,kalshi,8,0.588
g0011,polymarket,8,0.5749
g0011,kalshi,9,0.5672
g0011,polymarket,9,0.5616
g0011,kalshi,10,0.5878
g0011,polymarket,10,0.6118
g0011,kalshi,11,0.5688
g0011,polymarket,11,0.5539
g0011,kalshi,12,0.5361
g0011,polymarket,12,0.5311
g0011,kalshi,13,0.527
g0011,polymarket,13,0.5655
g0011,kalshi,14,0.524
g0011,polymarket,14,0.5312
g0011,kalshi,15,0.5071
g0011,polymarket,15,0.5064
g0011,kalshi,16,0.4897
g0011,polymarket,16,0.4743
g0011,kalshi,17,0.5171
g0011,polymarket,17,0.5105
g0011,kalshi,18,0.5215
g0011,polymarket,18,0.5127
g0011,kalshi,19,0.5305
g0011,polymarket,19,0.5423
g0011,kalshi,20,0.5437
g0011,polymarket,20,0.5552
g0011,kalshi,21,0.5272
g0011,polymarket,21,0.5305
g0011,kalshi,22,0.5348
g0011,polymarket,22,0.5419
g0011,kalshi,23,0.5347
g0011,polymarket,23,0.5326
g0011,kalshi,24,0.551
g0011,polymarket,24,0.5563
g0011,kalshi,25,0.5197
g0011,polymarket,25,0.5163
g0011,kalshi,26,0.5081
g0011,polymarket,26,0.4645
g0011,kalshi,27,0.5534
g0011,polymarket,27,0.5593
g0011,kalshi,28,0.5882
g0011,polymarket,28,0.5859
g0011,kalshi,29,0.5699
g0011,polymarket,29,0.5637
g0011,kalshi,30,0.5469
g0011,polymarket,30,0.5451
g0011,kalshi,31,0.5821
g0011,polymarket,31,0.5792
g0011,kalshi,32,0.561
g0011,polymarket,32,0.5518
g0011,kalshi,33,0.5581
g0011,polymarket,33,0.5569
g0011,kalshi,34,0.5543
g0011,polymarket,34,0.486
g0011,kalshi,35,0.568
g0011,polymarket,35,0.5538
g0011,kalshi,36,0.5577
g0011,polymarket,36,0.5492
g0011,kalshi,37,0.5806
g0011,polymarket,37,0.5867
g0011,kalshi,38,0.5755
g0011,polymarket,38,0.572
g0011,kalshi,39,0.5699
g0011,polymarket,39,0.5901
g0011,kalshi,40,0.5844
g0011,polymarket,40,0.5854
g0011,kalshi,41,0.5926
g0011,polymarket,41,0.6657
g0011,kalshi,42,0.576
g0011,polymarket,42,0.5666
g0011,kalshi,43,0.5953
g0011,polymarket,43,0.6027
g0011,kalshi,44,0.6135
g0011,polymarket,44,0.5955
g0011,kalshi,45,0.5824
g0011,polymarket,45,0.561
g0011,kalshi,46,0.5851
g0011,polymarket,46,0.5977
g0011,kalshi,47,0.5552
g0011,polymarket,47,0.5677
g0011,kalshi,48,0.5519
g0011,polymarket,48,0.5356
g0011,kalshi,49,0.5613
g0011,polymarket,49,0.5783
g0011,kalshi,50,0.5504
g0011,polymarket,50,0.5503
g0011,kalshi,51,0.5281
g0011,polymarket,51,0.5433
g0011,kalshi,52,0.4943
g0011,polymarket,52,0.4683
g0011,kalshi,53,0.5206
g0011,polymarket,53,0.5086
g0011,kalshi,54,0.505
g0011,polymarket,54,0.4959
g0011,kalshi,55,0.4823
g0011,polymarket,55,0.4906
g0011,kalshi,56,0.4905
g0011,polymarket,56,0.4869
g0011,kalshi,57,0.4736
g0011,polymarket,57,0.4423
g0011,kalshi,58,0.4657
g0011,polymarket,58,0.4451
g0011,kalshi,59,0.4923
g0011,polymarket,59,0.493
g0011,kalshi,60,0.4744
g0011,polymarket,60,0.4768
g0011,kalshi,61,0.4489
g0011,polymarket,61,0.5197
g0011,kalshi,62,0.4476
g0011,polymarket,62,0.4422
g0011,kalshi,63,0.4436
g0011,polymarket,63,0.4505
g0011,kalshi,64,0.4263
g0011,polymarket,64,0.4309
g0011,kalshi,65,0.4107
g0011,polymarket,65,0.3862
g0011,kalshi,66,0.3969
g0011,polymarket,66,0.3999
g0011,kalshi,67,0.3622
g0011,polymarket,67,0.3741
g0011,kalshi,68,0.3787
g0011,polymarket,68,0.3843
g0011,kalshi,69,0.3792
g0011,polymarket,69,0.3607
g0011,kalshi,70,0.415
g0011,polymarket,70,0.4198
g0011,kalshi,71,0.4302
g0011,polymarket,71,0.4185
g0011,kalshi,72,0.4347
g0011,polymarket,72,0.4348
g0011,kalshi,73,0.4285
g0011,polymarket,73,0.4365
g0011,kalshi,74,0.4367
g0011,polymarket,74,0.4263
g0011,kalshi,75,0.395
g0011,polymarket,75,0.3848
g0011,kalshi,76,0.422
g0011,polymarket,76,0.4201
g0011,kalshi,77,0.4258
g0011,polymarket,77,0.4258
g0011,kalshi,78,0.38
g0011,polymarket,78,0.4337
g0011,kalshi,79,0.3797
g0011,polymarket,79,0.3802
g0012,kalshi,0,0.3562
g0012,polymarket,0,0.3847
g0012,kalshi,1,0.3726
g0012,polymarket,1,0.4337
g0012,kalshi,2,0.3719
g0012,polymarket,2,0.3846
g0012,kalshi,3,0.3684
g0012,polymarket,3,0.3586
g0012,kalshi,4,0.358
g0012,polymarket,4,0.3615
g0012,kalshi,5,0.3269
g0012,polymarket,5,0.357
g0012,kalshi,6,0.3295
g0012,polymarket,6,0.3366
g0012,kalshi,7,0.2956
g0012,polymarket,7,0.3005
g0012,kalshi,8,0.2853
g0012,polymarket,8,0.2938
g0012,kalshi,9,0.3
g0012,polymarket,9,0.2929
g0012,kalshi,10,0.298
g0012,polymarket,10,0.3106
g0012,kalshi,11,0.2967
g0012,polymarket,11,0.3038
g0012,kalshi,12,0.3076
g0012,polymarket,12,0.301
g0012,kalshi,13,0.2996
g0012,polymarket,13,0.3066
g0012,kalshi,14,0.3019
g0012,polymarket,14,0.2933
g0012,kalshi,15,0.287
g0012,polymarket,15,0.305
g0012,kalshi,16,0.2627
g0012,polymarket,16,0.2486
g0012,kalshi,17,0.238
g0012,polymarket,17,0.2413
g0012,kalshi,18,0.2456
g0012,polymarket,18,0.239
g0012,kalshi,19,0.2251
g0012,polymarket,19,0.2241
g0012,kalshi,20,0.244
g0012,polymarket,20,0.22
g0012,kalshi,21,0.2748
g0012,polymarket,21,0.2806
g0012,kalshi,22,0.3139
g0012,polymarket,22,0.3063
g0012,kalshi,23,0.3325
g0012,polymarket,23,0.3149
g0012,kalshi,24,0.3696
g0012,polymarket,24,0.3915
g0012,kalshi,25,0.3779
g0012,polymarket,25,0.3816
g0012,kalshi,26,0.361
g0012,polymarket,26,0.3728
g0012,kalshi,27,0.3587
g0012,polymarket,27,0.3654
g0012,kalshi,28,0.3624
g0012,polymarket,28,0.3612
g0012,kalshi,29,0.3618
g0012,polymarket,29,0.3139
g0012,kalshi,30,0.358
g0012,polymarket,30,0.3655
g0012,kalshi,31,0.3814
g0012,polymarket,31,0.3704
g0012,kalshi,32,0.3559
g0012,polymarket,32,0.377
g0012,kalshi,33,0.3779
g0012,polymarket,33,0.381
g0012,kalshi,34,0.3922
g0012,polymarket,34,0.3159
g0012,kalshi,35,0.39
g0012,polymarket,35,0.3616
g0012,kalshi,36,0.4384
g0012,polymarket,36,0.4402
g0012,kalshi,37,0.4341
g0012,polymarket,37,0.4309
g0012,kalshi,38,0.4462
g0012,polymarket,38,0.4483
g0012,kalshi,39,0.453
g0012,polymarket,39,0.4501
g0012,kalshi,40,0.4789
g0012,polymarket,40,0.4915
g0012,kalshi,41,0.5081
g0012,polymarket,41,0.5091
g0012,kalshi,42,0.5446
g0012,polymarket,42,0.5514
g0012,kalshi,43,0.5581
g0012,polymarket,43,0.5593
g0012,kalshi,44,0.5912
g0012,polymarket,44,0.6042
g0012,kalshi,45,0.5781
g0012,polymarket,45,0.601
g0012,kalshi,46,0.5495
g0012,polymarket,46,0.5457
g0012,kalshi,47,0.5457
g0012,polymarket,47,0.5376
g0012,kalshi,48,0.5618
g0012,polymarket,48,0.5597
g0012,kalshi,49,0.5743
g0012,polymarket,49,0.5533
g0012,kalshi,50,0.5855
g0012,polymarket,50,0.584
g0012,kalshi,51,0.5827
g0012,polymarket,51,0.5843
g0012,kalshi,52,0.5802
g0012,polymarket,52,0.6025
g0012,kalshi,53,0.5615
g0012,polymarket,53,0.539
g0012,kalshi,54,0.557
g0012,polymarket,54,0.5474
g0012,kalshi,55,0.557
g0012,polymarket,55,0.5492
g0012,kalshi,56,0.5538
g0012,polymarket,56,0.556
g0012,kalshi,57,0.5773
g0012,polymarket,57,0.5775
g0012,kalshi,58,0.601
g0012,polymarket,58,0.6134
g0012,kalshi,59,0.5803
g0012,polymarket,59,0.5593
g0012,kalshi,60,0.5609
g0012,polymarket,60,0.5751
g0012,kalshi,61,0.5974
g0012,polymarket,61,0.5941
g0012,kalshi,62,0.6152
g0012,polymarket,62,0.6121
g0012,kalshi,63,0.5892
g0012,polymarket,63,0.6066
g0012,kalshi,64,0.6067
g0012,polymarket,64,0.5966
g0012,kalshi,65,0.6365
g0012,polymarket,65,0.6383
g0012,kalshi,66,0.635
g0012,polymarket,66,0.6968
g0012,kalshi,67,0.6217
g0012,polymarket,67,0.6314
g0012,kalshi,68,0.6196
g0012,polymarket,68,0.5966
g0012,kalshi,69,0.5934
g0012,polymarket,69,0.5801
g0012,kalshi,70,0.607
g0012,polymarket,70,0.6132
g0012,kalshi,71,0.5696
g0012,polymarket,71,0.4879
g0012,kalshi,72,0.5538
g0012,polymarket,72,0.5539
g0012,kalshi,73,0.597
g0012,polymarket,73,0.6017
g0012,kalshi,74,0.5708
g0012,polymarket,74,0.5819
g0012,kalshi,75,0.59
g0012,polymarket,75,0.6161
g0012,kalshi,76,0.59
g0012,polymarket,76,0.592
g0012,kalshi,77,0.55
g0012,polymarket,77,0.5279
g0012,kalshi,78,0.5936
g0012,polymarket,78,0.5917
g0012,kalshi,79,0.6411
g0012,polymarket,79,0.6474
g0013,kalshi,0,0.464
g0013,polymarket,0,0.4581
g0013,kalshi,1,0.4767
g0013,polymarket,1,0.4898
g0013,kalshi,2,0.4816
g0013,polymarket,2,0.5083
g0013,kalshi,3,0.4912
g0013,polymarket,3,0.4826
g0013,kalshi,4,0.4504
g0013,polymarket,4,0.4603
g0013,kalshi,5,0.4363
g0013,polymarket,5,0.4281
g0013,kalshi,6,0.4273
g0013,polymarket,6,0.4292
g0013,kalshi,7,0.4244
g0013,polymarket,7,0.4273
g0013,kalshi,8,0.4251
g0013,polymarket,8,0.4318
g0013,kalshi,9,0.4033
g0013,polymarket,9,0.4176
g0013,kalshi,10,0.4141
g0013,polymarket,10,0.4185
g0013,kalshi,11,0.4284
g0013,polymarket,11,0.4277
g0013,kalshi,12,0.4467
g0013,polymarket,12,0.4306
g0013,kalshi,13,0.4367
g0013,polymarket,13,0.4411
g0013,kalshi,14,0.3941
g0013,polymarket,14,0.3985
g0013,kalshi,15,0.3993
g0013,polymarket,15,0.3978
g0013,kalshi,16,0.3687
g0013,polymarket,16,0.4541
g0013,kalshi,17,0.3736
g0013,polymarket,17,0.3852
g0013,kalshi,18,0.3975
g0013,polymarket,18,0.3989
g0013,kalshi,19,0.3876
g0013,polymarket,19,0.3822
g0013,kalshi,20,0.3775
g0013,polymarket,20,0.3706
g0013,kalshi,21,0.3772
g0013,polymarket,21,0.3767
g0013,kalshi,22,0.3631
g0013,polymarket,22,0.4334
g0013,kalshi,23,0.3672
g0013,polymarket,23,0.3617
g0013,kalshi,24,0.3913
g0013,polymarket,24,0.4066
g0013,kalshi,25,0.3741
g0013,polymarket,25,0.3667
g0013,kalshi,26,0.3625
g0013,polymarket,26,0.3658
g0013,kalshi,27,0.3696
g0013,polymarket,27,0.3583
g0013,kalshi,28,0.3829
g0013,polymarket,28,0.3856
g0013,kalshi,29,0.3719
g0013,polymarket,29,0.3821
g0013,kalshi,30,0.346
g0013,polymarket,30,0.299
g0013,kalshi,31,0.3543
g0013,polymarket,31,0.3448
g0013,kalshi,32,0.3571
g0013,polymarket,32,0.3555
g0013,kalshi,33,0.3672
g0013,polymarket,33,0.3559
g0013,kalshi,34,0.3968
g0013,polymarket,34,0.3752
g0013,kalshi,35,0.3931
g0013,polymarket,35,0.4037
g0013,kalshi,36,0.3787
g0013,polymarket,36,0.366
g0013,kalshi,37,0.3822
g0013,polymarket,37,0.3777
g0013,kalshi,38,0.3985
g0013,polymarket,38,0.4113
g0013,kalshi,39,0.3761
g0013,polymarket,39,0.3799
g0013,kalshi,40,0.3736
g0013,polymarket,40,0.4397
g0013,kalshi,41,0.3359
g0013,polymarket,41,0.3401
g0013,kalshi,42,0.3527
g0013,polymarket,42,0.3459
g0013,kalshi,43,0.3765
g0013,polymarket,43,0.3976
g0013,kalshi,44,0.4117
g0013,polymarket,44,0.4137
g0013,kalshi,45,0.4369
g0013,polymarket,45,0.4374
g0013,kalshi,46,0.4519
g0013,polymarket,46,0.4309
g0013,kalshi,47,0.4333
g0013,polymarket,47,0.4225
g0013,kalshi,48,0.4169
g0013,polymarket,48,0.401
g0013,kalshi,49,0.4365
g0013,polymarket,49,0.45
g0013,kalshi,50,0.4261
g0013,polymarket,50,0.4338
g0013,kalshi,51,0.4262
g0013,polymarket,51,0.4387
g0013,kalshi,52,0.4421
g0013,polymarket,52,0.3793
g0013,kalshi,53,0.4623
g0013,polymarket,53,0.4688
g0013,kalshi,54,0.5015
g0013,polymarket,54,0.5
g0013,kalshi,55,0.5169
g0013,polymarket,55,0.5097
g0013,kalshi,56,0.5253
g0013,polymarket,56,0.5303
g0013,kalshi,57,0.5059
g0013,polymarket,57,0.5211
g0013,kalshi,58,0.4807
g0013,polymarket,58,0.478
g0013,kalshi,59,0.4896
g0013,polymarket,59,0.4683
g0013,kalshi,60,0.4888
g0013,polymarket,60,0.4779
g0013,kalshi,61,0.4613
g0013,polymarket,61,0.4916
g0013,kalshi,62,0.4623
g0013,polymarket,62,0.469
g0013,kalshi,63,0.4319
g0013,polymarket,63,0.4471
g0013,kalshi,64,0.4346
g0013,polymarket,64,0.4229
g0013,kalshi,65,0.4596
g0013,polymarket,65,0.466
g0013,kalshi,66,0.5031
g0013,polymarket,66,0.4963
g0013,kalshi,67,0.5006
g0013,polymarket,67,0.4859
g0013,kalshi,68,0.4741
g0013,polymarket,68,0.4769
g0013,kalshi,69,0.4535
g0013,polymarket,69,0.4535
g0013,kalshi,70,0.479
g0013,polymarket,70,0.493
g0013,kalshi,71,0.4739
g0013,polymarket,71,0.4812
g0013,kalshi,72,0.4698
g0013,polymarket,72,0.4753
g0013,kalshi,73,0.4713
g0013,polymarket,73,0.4668
g0013,kalshi,74,0.4367
g0013,polymarket,74,0.4397
g0013,kalshi,75,0.4355
g0013,polymarket,75,0.4214
g0013,kalshi,76,0.4102
g0013,polymarket,76,0.3863
g0013,kalshi,77,0.4442
g0013,polymarket,77,0.4287
g0013,kalshi,78,0.4553
g0013,polymarket,78,0.4535
g0013,kalshi,79,0.4465
g0013,polymarket,79,0.4233
g0014,kalshi,0,0.5696
g0014,polymarket,0,0.58
g0014,kalshi,1,0.5698
g0014,polymarket,1,0.5725
g0014,kalshi,2,0.5639
g0014,polymarket,2,0.4824
g0014,kalshi,3,0.5682
g0014,polymarket,3,0.5478
g0014,kalshi,4,0.584
g0014,polymarket,4,0.5974
g0014,kalshi,5,0.5939
g0014,polymarket,5,0.6562
g0014,kalshi,6,0.6172
g0014,polymarket,6,0.6081
g0014,kalshi,7,0.5869
g0014,polymarket,7,0.594
g0014,kalshi,8,0.5532
g0014,polymarket,8,0.5399
g0014,kalshi,9,0.5433
g0014,polymarket,9,0.5283
g0014,kalshi,10,0.5577
g0014,polymarket,10,0.5571
g0014,kalshi,11,0.547
g0014,polymarket,11,0.5397
g0014,kalshi,12,0.5816
g0014,polymarket,12,0.59
g0014,kalshi,13,0.6002
g0014,polymarket,13,0.591
g0014,kalshi,14,0.6016
g0014,polymarket,14,0.5854
g0014,kalshi,15,0.6257
g0014,polymarket,15,0.6252
g0014,kalshi,16,0.6083
g0014,polymarket,16,0.6026
g0014,kalshi,17,0.6149
g0014,polymarket,17,0.663
g0014,kalshi,18,0.6241
g0014,polymarket,18,0.6168
g0014,kalshi,19,0.632
g0014,polymarket,19,0.6192
g0014,kalshi,20,0.6434
g0014,polymarket,20,0.6524
g0014,kalshi,21,0.6419
g0014,polymarket,21,0.6324
g0014,kalshi,22,0.6124
g0014,polymarket,22,0.6254
g0014,kalshi,23,0.6081
g0014,polymarket,23,0.6065
g0014,kalshi,24,0.6245
g0014,polymarket,24,0.6281
g0014,kalshi,25,0.582
g0014,polymarket,25,0.5889
g0014,kalshi,26,0.6218
g0014,polymarket,26,0.6213
g0014,kalshi,27,0.6115
g0014,polymarket,27,0.6258
g0014,kalshi,28,0.6235
g0014,polymarket,28,0.6216
g0014,kalshi,29,0.6348
g0014,polymarket,29,0.6134
g0014,kalshi,30,0.6538
g0014,polymarket,30,0.6452
g0014,kalshi,31,0.6415
g0014,polymarket,31,0.6779
g0014,kalshi,32,0.6544
g0014,polymarket,32,0.6584
g0014,kalshi,33,0.6753
g0014,polymarket,33,0.6873
g0014,kalshi,34,0.6549
g0014,polymarket,34,0.6662
g0014,kalshi,35,0.6566
g0014,polymarket,35,0.6535
g0014,kalshi,36,0.6684
g0014,polymarket,36,0.676
g0014,kalshi,37,0.6565
g0014,polymarket,37,0.6622
g0014,kalshi,38,0.6556
g0014,polymarket,38,0.6404
g0014,kalshi,39,0.6428
g0014,polymarket,39,0.6633
g0014,kalshi,40,0.656
g0014,polymarket,40,0.6699
g0014,kalshi,41,0.709
g0014,polymarket,41,0.7192
g0014,kalshi,42,0.7159
g0014,polymarket,42,0.7296
g0014,kalshi,43,0.7138
g0014,polymarket,43,0.7125
g0014,kalshi,44,0.678
g0014,polymarket,44,0.6684
g0014,kalshi,45,0.6693
g0014,polymarket,45,0.6322
g0014,kalshi,46,0.7001
g0014,polymarket,46,0.6946
g0014,kalshi,47,0.6893
g0014,polymarket,47,0.6979
g0014,kalshi,48,0.658
g0014,polymarket,48,0.6579
g0014,kalshi,49,0.6831
g0014,polymarket,49,0.6992
g0014,kalshi,50,0.6433
g0014,polymarket,50,0.6448
g0014,kalshi,51,0.6415
g0014,polymarket,51,0.6515
g0014,kalshi,52,0.6584
g0014,polymarket,52,0.6598
g0014,kalshi,53,0.6471
g0014,polymarket,53,0.6361
g0014,kalshi,54,0.6165
g0014,polymarket,54,0.5906
g0014,kalshi,55,0.6069
g0014,polymarket,55,0.6268
g0014,kalshi,56,0.6036
g0014,polymarket,56,0.6146
g0014,kalshi,57,0.6016
g0014,polymarket,57,0.6121
g0014,kalshi,58,0.6018
g0014,polymarket,58,0.5284
g0014,kalshi,59,0.6348
g0014,polymarket,59,0.6313
g0014,kalshi,60,0.6468
g0014,polymarket,60,0.6299
g0014,kalshi,61,0.6338
g0014,polymarket,61,0.6308
g0014,kalshi,62,0.6261
g0014,polymarket,62,0.6263
g0014,kalshi,63,0.597
g0014,polymarket,63,0.5746
g0014,kalshi,64,0.5812
g0014,polymarket,64,0.5911
g0014,kalshi,65,0.6072
g0014,polymarket,65,0.6103
g0014,kalshi,66,0.6133
g0014,polymarket,66,0.612
g0014,kalshi,67,0.5802
g0014,polymarket,67,0.5801
g0014,kalshi,68,0.5841
g0014,polymarket,68,0.5935
g0014,kalshi,69,0.5895
g0014,polymarket,69,0.6034
g0014,kalshi,70,0.6099
g0014,polymarket,70,0.6104
g0014,kalshi,71,0.6017
g0014,polymarket,71,0.5992
g0014,kalshi,72,0.5888
g0014,polymarket,72,0.5896
g0014,kalshi,73,0.5498
g0014,polymarket,73,0.5685
g0014,kalshi,74,0.557
g0014,polymarket,74,0.5407
g0014,kalshi,75,0.558
g0014,polymarket,75,0.5815
g0014,kalshi,76,0.5204
g0014,polymarket,76,0.4989
g0014,kalshi,77,0.4826
g0014,polymarket,77,0.4862
g0014,kalshi,78,0.4945
g0014,polymarket,78,0.5055
g0014,kalshi,79,0.5205
g0014,polymarket,79,0.5234
g0015,kalshi,0,0.5316
g0015,polymarket,0,0.5383
g0015,kalshi,1,0.5282
g0015,polymarket,1,0.5309
g0015,kalshi,2,0.5038
g0015,polymarket,2,0.5017
g0015,kalshi,3,0.5018
g0015,polymarket,3,0.5671
g0015,kalshi,4,0.4918
g0015,polymarket,4,0.5059
g0015,kalshi,5,0.4844
g0015,polymarket,5,0.474
g0015,kalshi,6,0.5017
g0015,polymarket,6,0.5022
g0015,kalshi,7,0.5409
g0015,polymarket,7,0.5635
g0015,kalshi,8,0.5376
g0015,polymarket,8,0.5436
g0015,kalshi,9,0.5312
g0015,polymarket,9,0.5681
g0015,kalshi,10,0.5527
g0015,polymarket,10,0.569
g0015,kalshi,11,0.5853
g0015,polymarket,11,0.5876
g0015,kalshi,12,0.5695
g0015,polymarket,12,0.5599
g0015,kalshi,13,0.5641
g0015,polymarket,13,0.5822
g0015,kalshi,14,0.5718
g0015,polymarket,14,0.5721
g0015,kalshi,15,0.6002
g0015,polymarket,15,0.6043
g0015,kalshi,16,0.5973
g0015,polymarket,16,0.5834
g0015,kalshi,17,0.6102
g0015,polymarket,17,0.6541
g0015,kalshi,18,0.6154
g0015,polymarket,18,0.6145
g0015,kalshi,19,0.6132
g0015,polymarket,19,0.61
g0015,kalshi,20,0.6396
g0015,polymarket,20,0.6577
g0015,kalshi,21,0.6415
g0015,polymarket,21,0.6275
g0015,kalshi,22,0.652
g0015,polymarket,22,0.6483
g0015,kalshi,23,0.6791
g0015,polymarket,23,0.675
g0015,kalshi,24,0.6757
g0015,polymarket,24,0.6548
g0015,kalshi,25,0.6791
g0015,polymarket,25,0.6877
g0015,kalshi,26,0.6707
g0015,polymarket,26,0.6841
g0015,kalshi,27,0.67
g0015,polymarket,27,0.6579
g0015,kalshi,28,0.6673
g0015,polymarket,28,0.622
g0015,kalshi,29,0.6456
g0015,polymarket,29,0.6638
g0015,kalshi,30,0.6584
g0015,polymarket,30,0.6736
g0015,kalshi,31,0.632
g0015,polymarket,31,0.6377
g0015,kalshi,32,0.6439
g0015,polymarket,32,0.6501
g0015,kalshi,33,0.5877
g0015,polymarket,33,0.5966
g0015,kalshi,34,0.574
g0015,polymarket,34,0.5784
g0015,kalshi,35,0.5748
g0015,polymarket,35,0.5835
g0015,kalshi,36,0.5674
g0015,polymarket,36,0.5613
g0015,kalshi,37,0.581
g0015,polymarket,37,0.5858
g0015,kalshi,38,0.6039
g0015,polymarket,38,0.5859
g0015,kalshi,39,0.6263
g0015,polymarket,39,0.6284
g0015,kalshi,40,0.6372
g0015,polymarket,40,0.6242
g0015,kalshi,41,0.6441
g0015,polymarket,41,0.6463
g0015,kalshi,42,0.6329
g0015,polymarket,42,0.642
g0015,kalshi,43,0.6659
g0015,polymarket,43,0.6597
g0015,kalshi,44,0.661
g0015,polymarket,44,0.6667
g0015,kalshi,45,0.6397
g0015,polymarket,45,0.6489
g0015,kalshi,46,0.6175
g0015,polymarket,46,0.6229
g0015,kalshi,47,0.6247
g0015,polymarket,47,0.6314
g0015,kalshi,48,0.6222
g0015,polymarket,48,0.6381
g0015,kalshi,49,0.6456
g0015,polymarket,49,0.647
g0015,kalshi,50,0.6762
g0015,polymarket,50,0.6799
g0015,kalshi,51,0.6824
g0015,polymarket,51,0.7376
g0015,kalshi,52,0.6767
g0015,polymarket,52,0.6913
g0015,kalshi,53,0.6762
g0015,polymarket,53,0.6733
g0015,kalshi,54,0.6561
g0015,polymarket,54,0.6601
g0015,kalshi,55,0.6414
g0015,polymarket,55,0.6562
g0015,kalshi,56,0.6374
g0015,polymarket,56,0.6274
g0015,kalshi,57,0.651
g0015,polymarket,57,0.665
g0015,kalshi,58,0.6686
g0015,polymarket,58,0.6484
g0015,kalshi,59,0.6683
g0015,polymarket,59,0.6843
g0015,kalshi,60,0.6726
g0015,polymarket,60,0.6822
g0015,kalshi,61,0.7025
g0015,polymarket,61,0.7046
g0015,kalshi,62,0.6831
g0015,polymarket,62,0.6856
g0015,kalshi,63,0.6831
g0015,polymarket,63,0.6739
g0015,kalshi,64,0.691
g0015,polymarket,64,0.6832
g0015,kalshi,65,0.6501
g0015,polymarket,65,0.6681
g0015,kalshi,66,0.6516
g0015,polymarket,66,0.6747
g0015,kalshi,67,0.6474
g0015,polymarket,67,0.625
g0015,kalshi,68,0.6528
g0015,polymarket,68,0.7264
g0015,kalshi,69,0.6471
g0015,polymarket,69,0.6507
g0015,kalshi,70,0.6191
g0015,polymarket,70,0.6126
g0015,kalshi,71,0.5922
g0015,polymarket,71,0.5947
g0015,kalshi,72,0.5819
g0015,polymarket,72,0.569
g0015,kalshi,73,0.5459
g0015,polymarket,73,0.5541
g0015,kalshi,74,0.5613
g0015,polymarket,74,0.5391
g0015,kalshi,75,0.5303
g0015,polymarket,75,0.5363
g0015,kalshi,76,0.5031
g0015,polymarket,76,0.5072
g0015,kalshi,77,0.4802
g0015,polymarket,77,0.4281
g0015,kalshi,78,0.4848
g0015,polymarket,78,0.4729
g0015,kalshi,79,0.4922
g0015,polymarket,79,0.5003
g0016,kalshi,0,0.6201
g0016,polymarket,0,0.5816
g0016,kalshi,1,0.6473
g0016,polymarket,1,0.6491
g0016,kalshi,2,0.6537
g0016,polymarket,2,0.6503
g0016,kalshi,3,0.6403
g0016,polymarket,3,0.6473
g0016,kalshi,4,0.6425
g0016,polymarket,4,0.6369
g0016,kalshi,5,0.6634
g0016,polymarket,5,0.6589
g0016,kalshi,6,0.6672
g0016,polymarket,6,0.6588
g0016,kalshi,7,0.706
g0016,polymarket,7,0.7274
g0016,kalshi,8,0.7197
g0016,polymarket,8,0.7138
g0016,kalshi,9,0.7013
g0016,polymarket,9,0.7208
g0016,kalshi,10,0.6947
g0016,polymarket,10,0.6959
g0016,kalshi,11,0.666
g0016,polymarket,11,0.6723
g0016,kalshi,12,0.6945
g0016,polymarket,12,0.6889
g0016,kalshi,13,0.6775
g0016,polymarket,13,0.6764
g0016,kalshi,14,0.7066
g0016,polymarket,14,0.6938
g0016,kalshi,15,0.7385
g0016,polymarket,15,0.7394
g0016,kalshi,16,0.7304
g0016,polymarket,16,0.7433
g0016,kalshi,17,0.7235
g0016,polymarket,17,0.6703
g0016,kalshi,18,0.7056
g0016,polymarket,18,0.7022
g0016,kalshi,19,0.7189
g0016,polymarket,19,0.7326
g0016,kalshi,20,0.7367
g0016,polymarket,20,0.7323
g0016,kalshi,21,0.7291
g0016,polymarket,21,0.7917
g0016,kalshi,22,0.7156
g0016,polymarket,22,0.6943
g0016,kalshi,23,0.7213
g0016,polymarket,23,0.7175
g0016,kalshi,24,0.7332
g0016,polymarket,24,0.7462
g0016,kalshi,25,0.7286
g0016,polymarket,25,0.7354
g0016,kalshi,26,0.7495
g0016,polymarket,26,0.7667
g0016,kalshi,27,0.7467
g0016,polymarket,27,0.7355
g0016,kalshi,28,0.7389
g0016,polymarket,28,0.7736
g0016,kalshi,29,0.723
g0016,polymarket,29,0.7362
g0016,kalshi,30,0.7274
g0016,polymarket,30,0.7211
g0016,kalshi,31,0.7192
g0016,polymarket,31,0.7056
g0016,kalshi,32,0.7165
g0016,polymarket,32,0.6984
g0016,kalshi,33,0.7163
g0016,polymarket,33,0.7117
g0016,kalshi,34,0.6966
g0016,polymarket,34,0.6864
g0016,kalshi,35,0.7044
g0016,polymarket,35,0.6925
g0016,kalshi,36,0.6752
g0016,polymarket,36,0.684
g0016,kalshi,37,0.6983
g0016,polymarket,37,0.7137
g0016,kalshi,38,0.6825
g0016,polymarket,38,0.7
g0016,kalshi,39,0.6773
g0016,polymarket,39,0.6554
g0016,kalshi,40,0.6619
g0016,polymarket,40,0.6737
g0016,kalshi,41,0.687
g0016,polymarket,41,0.7097
g0016,kalshi,42,0.6912
g0016,polymarket,42,0.6914
g0016,kalshi,43,0.6746
g0016,polymarket,43,0.6947
g0016,kalshi,44,0.6967
g0016,polymarket,44,0.7008
g0016,kalshi,45,0.6948
g0016,polymarket,45,0.6831
g0016,kalshi,46,0.6953
g0016,polymarket,46,0.7288
g0016,kalshi,47,0.6675
g0016,polymarket,47,0.6843
g0016,kalshi,48,0.6827
g0016,polymarket,48,0.6758
g0016,kalshi,49,0.7383
g0016,polymarket,49,0.7436
g0016,kalshi,50,0.6928
g0016,polymarket,50,0.6989
g0016,kalshi,51,0.7264
g0016,polymarket,51,0.7069
g0016,kalshi,52,0.734
g0016,polymarket,52,0.7458
g0016,kalshi,53,0.716
g0016,polymarket,53,0.7056
g0016,kalshi,54,0.7212
g0016,polymarket,54,0.7033
g0016,kalshi,55,0.7246
g0016,polymarket,55,0.7142
g0016,kalshi,56,0.7219
g0016,polymarket,56,0.7242
g0016,kalshi,57,0.7241
g0016,polymarket,57,0.7284
g0016,kalshi,58,0.71
g0016,polymarket,58,0.7097
g0016,kalshi,59,0.731
g0016,polymarket,59,0.7295
g0016,kalshi,60,0.7599
g0016,polymarket,60,0.7589
g0016,kalshi,61,0.7688
g0016,polymarket,61,0.7748
g0016,kalshi,62,0.7908
g0016,polymarket,62,0.7984
g0016,kalshi,63,0.7896
g0016,polymarket,63,0.8554
g0016,kalshi,64,0.8
g0016,polymarket,64,0.8621
g0016,kalshi,65,0.8199
g0016,polymarket,65,0.8371
g0016,kalshi,66,0.8424
g0016,polymarket,66,0.8532
g0016,kalshi,67,0.8558
g0016,polymarket,67,0.85
g0016,kalshi,68,0.8583
g0016,polymarket,68,0.8063
g0016,kalshi,69,0.8194
g0016,polymarket,69,0.843
g0016,kalshi,70,0.8332
g0016,polymarket,70,0.8242
g0016,kalshi,71,0.8179
g0016,polymarket,71,0.8168
g0016,kalshi,72,0.823
g0016,polymarket,72,0.8321
g0016,kalshi,73,0.8523
g0016,polymarket,73,0.8628
g0016,kalshi,74,0.8515
g0016,polymarket,74,0.8302
g0016,kalshi,75,0.863
g0016,polymarket,75,0.8523
g0016,kalshi,76,0.8733
g0016,polymarket,76,0.8533
g0016,kalshi,77,0.8757
g0016,polymarket,77,0.8817
g0016,kalshi,78,0.863
g0016,polymarket,78,0.8631
g0016,kalshi,79,0.8686
g0016,polymarket,79,0.8647
g0017,kalshi,0,0.4374
g0017,polymarket,0,0.4318
g0017,kalshi,1,0.4566
g0017,polymarket,1,0.4472
g0017,kalshi,2,0.4571
g0017,polymarket,2,0.5424
g0017,kalshi,3,0.4759
g0017,polymarket,3,0.4548
g0017,kalshi,4,0.4585
g0017,polymarket,4,0.4646
g0017,kalshi,5,0.4542
g0017,polymarket,5,0.4602
g0017,kalshi,6,0.4794
g0017,polymarket,6,0.4746
g0017,kalshi,7,0.4766
g0017,polymarket,7,0.485
g0017,kalshi,8,0.4714
g0017,polymarket,8,0.4584
g0017,kalshi,9,0.4571
g0017,polymarket,9,0.3814
g0017,kalshi,10,0.4634
g0017,polymarket,10,0.4526
g0017,kalshi,11,0.4846
g0017,polymarket,11,0.4985
g0017,kalshi,12,0.4946
g0017,polymarket,12,0.4327
g0017,kalshi,13,0.4702
g0017,polymarket,13,0.464
g0017,kalshi,14,0.4736
g0017,polymarket,14,0.4781
g0017,kalshi,15,0.4723
g0017,polymarket,15,0.4909
g0017,kalshi,16,0.4881
g0017,polymarket,16,0.5019
g0017,kalshi,17,0.5045
g0017,polymarket,17,0.4956
g0017,kalshi,18,0.4906
g0017,polymarket,18,0.4932
g0017,kalshi,19,0.4808
g0017,polymarket,19,0.492
g0017,kalshi,20,0.4411
g0017,polymarket,20,0.438
g0017,kalshi,21,0.4488
g0017,polymarket,21,0.4235
g0017,kalshi,22,0.4554
g0017,polymarket,22,0.4343
g0017,kalshi,23,0.4207
g0017,polymarket,23,0.4353
g0017,kalshi,24,0.4036
g0017,polymarket,24,0.4195
g0017,kalshi,25,0.4114
g0017,polymarket,25,0.4049
g0017,kalshi,26,0.4396
g0017,polymarket,26,0.4336
g0017,kalshi,27,0.4831
g0017,polymarket,27,0.4673
g0017,kalshi,28,0.4575
g0017,polymarket,28,0.4453
g0017,kalshi,29,0.4593
g0017,polymarket,29,0.4695
g0017,kalshi,30,0.4478
g0017,polymarket,30,0.4516
g0017,kalshi,31,0.4186
g0017,polymarket,31,0.4223
g0017,kalshi,32,0.4135
g0017,polymarket,32,0.4382
g0017,kalshi,33,0.4211
g0017,polymarket,33,0.4126
g0017,kalshi,34,0.4112
g0017,polymarket,34,0.4027
g0017,kalshi,35,0.4386
g0017,polymarket,35,0.4291
g0017,kalshi,36,0.4035
g0017,polymarket,36,0.3795
g0017,kalshi,37,0.4059
g0017,polymarket,37,0.3978
g0017,kalshi,38,0.4292
g0017,polymarket,38,0.4414
g0017,kalshi,39,0.4372
g0017,polymarket,39,0.4333
g0017,kalshi,40,0.4618
g0017,polymarket,40,0.4904
g0017,kalshi,41,0.4625
g0017,polymarket,41,0.464
g0017,kalshi,42,0.4168
g0017,polymarket,42,0.4286
g0017,kalshi,43,0.4373
g0017,polymarket,43,0.4556
g0017,kalshi,44,0.4566
g0017,polymarket,44,0.4523
g0017,kalshi,45,0.4469
g0017,polymarket,45,0.4494
g0017,kalshi,46,0.4609
g0017,polymarket,46,0.446
g0017,kalshi,47,0.4662
g0017,polymarket,47,0.4652
g0017,kalshi,48,0.4518
g0017,polymarket,48,0.4248
g0017,kalshi,49,0.4451
g0017,polymarket,49,0.4521
g0017,kalshi,50,0.4383
g0017,polymarket,50,0.429
g0017,kalshi,51,0.4415
g0017,polymarket,51,0.4168
g0017,kalshi,52,0.4569
g0017,polymarket,52,0.4526
g0017,kalshi,53,0.4722
g0017,polymarket,53,0.4643
g0017,kalshi,54,0.4871
g0017,polymarket,54,0.4991
g0017,kalshi,55,0.4778
g0017,polymarket,55,0.4749
g0017,kalshi,56,0.487
g0017,polymarket,56,0.4791
g0017,kalshi,57,0.4753
g0017,polymarket,57,0.4619
g0017,kalshi,58,0.5048
g0017,polymarket,58,0.4501
g0017,kalshi,59,0.5163
g0017,polymarket,59,0.511
g0017,kalshi,60,0.5269
g0017,polymarket,60,0.6084
g0017,kalshi,61,0.5079
g0017,polymarket,61,0.4782
g0017,kalshi,62,0.5083
g0017,polymarket,62,0.4974
g0017,kalshi,63,0.479
g0017,polymarket,63,0.4899
g0017,kalshi,64,0.5058
g0017,polymarket,64,0.5163
g0017,kalshi,65,0.5009
g0017,polymarket,65,0.4979
g0017,kalshi,66,0.4713
g0017,polymarket,66,0.4587
g0017,kalshi,67,0.4527
g0017,polymarket,67,0.4448
g0017,kalshi,68,0.4332
g0017,polymarket,68,0.4262
g0017,kalshi,69,0.4519
g0017,polymarket,69,0.4582
g0017,kalshi,70,0.4613
g0017,polymarket,70,0.482
g0017,kalshi,71,0.4439
g0017,polymarket,71,0.4522
g0017,kalshi,72,0.4749
g0017,polymarket,72,0.4802
g0017,kalshi,73,0.4705
g0017,polymarket,73,0.4613
g0017,kalshi,74,0.4688
g0017,polymarket,74,0.4601
g0017,kalshi,75,0.471
g0017,polymarket,75,0.4812
g0017,kalshi,76,0.4631
g0017,polymarket,76,0.4542
g0017,kalshi,77,0.4514
g0017,polymarket,77,0.4567
g0017,kalshi,78,0.4477
g0017,polymarket,78,0.4767
g0017,kalshi,79,0.4315
g0017,polymarket,79,0.4206
g0018,kalshi,0,0.3576
g0018,polymarket,0,0.3635
g0018,kalshi,1,0.361
g0018,polymarket,1,0.3277
g0018,kalshi,2,0.3708
g0018,polymarket,2,0.36
g0018,kalshi,3,0.387
g0018,polymarket,3,0.3891
g0018,kalshi,4,0.3602
g0018,polymarket,4,0.361
g0018,kalshi,5,0.3613
g0018,polymarket,5,0.3572
g0018,kalshi,6,0.3434
g0018,polymarket,6,0.3596
g0018,kalshi,7,0.3406
g0018,polymarket,7,0.3269
g0018,kalshi,8,0.3007
g0018,polymarket,8,0.2938
g0018,kalshi,9,0.3137
g0018,polymarket,9,0.3123
g0018,kalshi,10,0.2828
g0018,polymarket,10,0.2886
g0018,kalshi,11,0.2798
g0018,polymarket,11,0.2683
g0018,kalshi,12,0.2936
g0018,polymarket,12,0.3007
g0018,kalshi,13,0.2919
g0018,polymarket,13,0.286
g0018,kalshi,14,0.2825
g0018,polymarket,14,0.2973
g0018,kalshi,15,0.2401
g0018,polymarket,15,0.2237
g0018,kalshi,16,0.2209
g0018,polymarket,16,0.2147
g0018,kalshi,17,0.1974
g0018,polymarket,17,0.1765
g0018,kalshi,18,0.2161
g0018,polymarket,18,0.2152
g0018,kalshi,19,0.2281
g0018,polymarket,19,0.236
g0018,kalshi,20,0.2312
g0018,polymarket,20,0.2368
g0018,kalshi,21,0.2302
g0018,polymarket,21,0.1784
g0018,kalshi,22,0.2431
g0018,polymarket,22,0.2473
g0018,kalshi,23,0.2566
g0018,polymarket,23,0.2624
g0018,kalshi,24,0.2283
g0018,polymarket,24,0.2489
g0018,kalshi,25,0.2534
g0018,polymarket,25,0.2399
g0018,kalshi,26,0.2381
g0018,polymarket,26,0.237
g0018,kalshi,27,0.2747
g0018,polymarket,27,0.2602
g0018,kalshi,28,0.2708
g0018,polymarket,28,0.2714
g0018,kalshi,29,0.2968
g0018,polymarket,29,0.2952
g0018,kalshi,30,0.2851
g0018,polymarket,30,0.2983
g0018,kalshi,31,0.2743
g0018,polymarket,31,0.2701
g0018,kalshi,32,0.2687
g0018,polymarket,32,0.2565
g0018,kalshi,33,0.2399
g0018,polymarket,33,0.2565
g0018,kalshi,34,0.2155
g0018,polymarket,34,0.2289
g0018,kalshi,35,0.199
g0018,polymarket,35,0.1943
g0018,kalshi,36,0.231
g0018,polymarket,36,0.2493
g0018,kalshi,37,0.2274
g0018,polymarket,37,0.2292
g0018,kalshi,38,0.2519
g0018,polymarket,38,0.2762
g0018,kalshi,39,0.2496
g0018,polymarket,39,0.2465
g0018,kalshi,40,0.2442
g0018,polymarket,40,0.2491
g0018,kalshi,41,0.2956
g0018,polymarket,41,0.3144
g0018,kalshi,42,0.2933
g0018,polymarket,42,0.2925
g0018,kalshi,43,0.2872
g0018,polymarket,43,0.2765
g0018,kalshi,44,0.299
g0018,polymarket,44,0.3042
g0018,kalshi,45,0.3097
g0018,polymarket,45,0.3364
g0018,kalshi,46,0.3103
g0018,polymarket,46,0.3177
g0018,kalshi,47,0.2901
g0018,polymarket,47,0.2997
g0018,kalshi,48,0.2837
g0018,polymarket,48,0.3147
g0018,kalshi,49,0.2721
g0018,polymarket,49,0.2947
g0018,kalshi,50,0.2775
g0018,polymarket,50,0.2709
g0018,kalshi,51,0.2696
g0018,polymarket,51,0.2803
g0018,kalshi,52,0.218
g0018,polymarket,52,0.2942
g0018,kalshi,53,0.2381
g0018,polymarket,53,0.2394
g0018,kalshi,54,0.2321
g0018,polymarket,54,0.2303
g0018,kalshi,55,0.2558
g0018,polymarket,55,0.2534
g0018,kalshi,56,0.2673
g0018,polymarket,56,0.233
g0018,kalshi,57,0.2462
g0018,polymarket,57,0.1715
g0018,kalshi,58,0.2524
g0018,polymarket,58,0.2418
g0018,kalshi,59,0.2639
g0018,polymarket,59,0.262
g0018,kalshi,60,0.2733
g0018,polymarket,60,0.2943
g0018,kalshi,61,0.2578
g0018,polymarket,61,0.283
g0018,kalshi,62,0.2516
g0018,polymarket,62,0.2538
g0018,kalshi,63,0.2803
g0018,polymarket,63,0.2592
g0018,kalshi,64,0.3128
g0018,polymarket,64,0.3172
g0018,kalshi,65,0.3191
g0018,polymarket,65,0.3656
g0018,kalshi,66,0.294
g0018,polymarket,66,0.3068
g0018,kalshi,67,0.2768
g0018,polymarket,67,0.2688
g0018,kalshi,68,0.2784
g0018,polymarket,68,0.2815
g0018,kalshi,69,0.3205
g0018,polymarket,69,0.329
g0018,kalshi,70,0.3228
g0018,polymarket,70,0.3177
g0018,kalshi,71,0.2987
g0018,polymarket,71,0.3017
g0018,kalshi,72,0.3455
g0018,polymarket,72,0.3591
g0018,kalshi,73,0.3667
g0018,polymarket,73,0.37
g0018,kalshi,74,0.3576
g0018,polymarket,74,0.3692
g0018,kalshi,75,0.3648
g0018,polymarket,75,0.3787
g0018,kalshi,76,0.3865
g0018,polymarket,76,0.4709
g0018,kalshi,77,0.3939
g0018,polymarket,77,0.3989
g0018,kalshi,78,0.4334
g0018,polymarket,78,0.4297
g0018,kalshi,79,0.4438
g0018,polymarket,79,0.4263
g0019,kalshi,0,0.369
g0019,polymarket,0,0.3828
g0019,kalshi,1,0.3617
g0019,polymarket,1,0.3582
g0019,kalshi,2,0.3549
g0019,polymarket,2,0.3718
g0019,kalshi,3,0.3452
g0019,polymarket,3,0.3368
g0019,kalshi,4,0.3369
g0019,polymarket,4,0.3414
g0019,kalshi,5,0.3451
g0019,polymarket,5,0.3377
g0019,kalshi,6,0.3735
g0019,polymarket,6,0.3797
g0019,kalshi,7,0.3757
g0019,polymarket,7,0.3824
g0019,kalshi,8,0.3753
g0019,polymarket,8,0.3762
g0019,kalshi,9,0.3586
g0019,polymarket,9,0.3571
g0019,kalshi,10,0.3747
g0019,polymarket,10,0.3003
g0019,kalshi,11,0.3565
g0019,polymarket,11,0.3594
g0019,kalshi,12,0.387
g0019,polymarket,12,0.3784
g0019,kalshi,13,0.3785
g0019,polymarket,13,0.3986
g0019,kalshi,14,0.3917
g0019,polymarket,14,0.3755
g0019,kalshi,15,0.3963
g0019,polymarket,15,0.3912
g0019,kalshi,16,0.4259
g0019,polymarket,16,0.4255
g0019,kalshi,17,0.3973
g0019,polymarket,17,0.4159
g0019,kalshi,18,0.3553
g0019,polymarket,18,0.3563
g0019,kalshi,19,0.3668
g0019,polymarket,19,0.3485
g0019,kalshi,20,0.3416
g0019,polymarket,20,0.3474
g0019,kalshi,21,0.3305
g0019,polymarket,21,0.3304
g0019,kalshi,22,0.3448
g0019,polymarket,22,0.3385
g0019,kalshi,23,0.3557
g0019,polymarket,23,0.351
g0019,kalshi,24,0.3793
g0019,polymarket,24,0.3757
g0019,kalshi,25,0.3454
g0019,polymarket,25,0.3516
g0019,kalshi,26,0.3416
g0019,polymarket,26,0.3476
g0019,kalshi,27,0.3246
g0019,polymarket,27,0.3506
g0019,kalshi,28,0.3565
g0019,polymarket,28,0.3698
g0019,kalshi,29,0.4049
g0019,polymarket,29,0.4174
g0019,kalshi,30,0.4383
g0019,polymarket,30,0.4313
g0019,kalshi,31,0.466
g0019,polymarket,31,0.4676
g0019,kalshi,32,0.4703
g0019,polymarket,32,0.4561
g0019,kalshi,33,0.4725
g0019,polymarket,33,0.4837
g0019,kalshi,34,0.4667
g0019,polymarket,34,0.472
g0019,kalshi,35,0.4905
g0019,polymarket,35,0.4742
g0019,kalshi,36,0.5082
g0019,polymarket,36,0.4353
g0019,kalshi,37,0.5024
g0019,polymarket,37,0.5193
g0019,kalshi,38,0.5216
g0019,polymarket,38,0.4961
g0019,kalshi,39,0.5176
g0019,polymarket,39,0.5079
g0019,kalshi,40,0.5134
g0019,polymarket,40,0.5404
g0019,kalshi,41,0.5141
g0019,polymarket,41,0.4557
g0019,kalshi,42,0.5025
g0019,polymarket,42,0.4956
g0019,kalshi,43,0.4998
g0019,polymarket,43,0.4876
g0019,kalshi,44,0.5366
g0019,polymarket,44,0.544
g0019,kalshi,45,0.5396
g0019,polymarket,45,0.5275
g0019,kalshi,46,0.5249
g0019,polymarket,46,0.5409
g0019,kalshi,47,0.5249
g0019,polymarket,47,0.5424
g0019,kalshi,48,0.517
g0019,polymarket,48,0.5246
g0019,kalshi,49,0.4854
g0019,polymarket,49,0.4319
g0019,kalshi,50,0.5133
g0019,polymarket,50,0.5061
g0019,kalshi,51,0.4958
g0019,polymarket,51,0.4855
g0019,kalshi,52,0.502
g0019,polymarket,52,0.4928
g0019,kalshi,53,0.5229
g0019,polymarket,53,0.5138
g0019,kalshi,54,0.5406
g0019,polymarket,54,0.5326
g0019,kalshi,55,0.5664
g0019,polymarket,55,0.5565
g0019,kalshi,56,0.5692
g0019,polymarket,56,0.5903
g0019,kalshi,57,0.5612
g0019,polymarket,57,0.5433
g0019,kalshi,58,0.5165
g0019,polymarket,58,0.5096
g0019,kalshi,59,0.4738
g0019,polymarket,59,0.4693
g0019,kalshi,60,0.4937
g0019,polymarket,60,0.4939
g0019,kalshi,61,0.5427
g0019,polymarket,61,0.5615
g0019,kalshi,62,0.5304
g0019,polymarket,62,0.5275
g0019,kalshi,63,0.5553
g0019,polymarket,63,0.5562
g0019,kalshi,64,0.5889
g0019,polymarket,64,0.5966
g0019,kalshi,65,0.604
g0019,polymarket,65,0.5978
g0019,kalshi,66,0.5875
g0019,polymarket,66,0.5936
g0019,kalshi,67,0.5741
g0019,polymarket,67,0.5782
g0019,kalshi,68,0.592
g0019,polymarket,68,0.5925
g0019,kalshi,69,0.5931
g0019,polymarket,69,0.6145
g0019,kalshi,70,0.5832
g0019,polymarket,70,0.5855
g0019,kalshi,71,0.5176
g0019,polymarket,71,0.4865
g0019,kalshi,72,0.5346
g0019,polymarket,72,0.5442
g0019,kalshi,73,0.5302
g0019,polymarket,73,0.5098
g0019,kalshi,74,0.5471
g0019,polymarket,74,0.5348
g0019,kalshi,75,0.5095
g0019,polymarket,75,0.4946
g0019,kalshi,76,0.4511
g0019,polymarket,76,0.4504
g0019,kalshi,77,0.4335
g0019,polymarket,77,0.4263
g0019,kalshi,78,0.4575
g0019,polymarket,78,0.4529
g0019,kalshi,79,0.5012
g0019,polymarket,79,0.4893
g0020,kalshi,0,0.5588
g0020,polymarket,0,0.5441
g0020,kalshi,1,0.5348
g0020,polymarket,1,0.5445
g0020,kalshi,2,0.5368
g0020,polymarket,2,0.5258
g0020,kalshi,3,0.5304
g0020,polymarket,3,0.5086
g0020,kalshi,4,0.544
g0020,polymarket,4,0.5287
g0020,kalshi,5,0.5114
g0020,polymarket,5,0.5171
g0020,kalshi,6,0.4943
g0020,polymarket,6,0.5041
g0020,kalshi,7,0.5056
g0020,polymarket,7,0.5064
g0020,kalshi,8,0.5272
g0020,polymarket,8,0.5281
g0020,kalshi,9,0.5108
g0020,polymarket,9,0.5053
g0020,kalshi,10,0.4804
g0020,polymarket,10,0.5034
g0020,kalshi,11,0.4968
g0020,polymarket,11,0.4959
g0020,kalshi,12,0.519
g0020,polymarket,12,0.533
g0020,kalshi,13,0.5277
g0020,polymarket,13,0.5157
g0020,kalshi,14,0.545
g0020,polymarket,14,0.5395
g0020,kalshi,15,0.5092
g0020,polymarket,15,0.5129
g0020,kalshi,16,0.466
g0020,polymarket,16,0.4647
g0020,kalshi,17,0.4631
g0020,polymarket,17,0.4483
g0020,kalshi,18,0.4699
g0020,polymarket,18,0.4511
g0020,kalshi,19,0.5064
g0020,polymarket,19,0.5173
g0020,kalshi,20,0.5081
g0020,polymarket,20,0.5092
g0020,kalshi,21,0.5261
g0020,polymarket,21,0.5134
g0020,kalshi,22,0.5247
g0020,polymarket,22,0.5325
g0020,kalshi,23,0.5309
g0020,polymarket,23,0.519
g0020,kalshi,24,0.4912
g0020,polymarket,24,0.5328
g0020,kalshi,25,0.4914
g0020,polymarket,25,0.4161
g0020,kalshi,26,0.5221
g0020,polymarket,26,0.5185
g0020,kalshi,27,0.5509
g0020,polymarket,27,0.5457
g0020,kalshi,28,0.5466
g0020,polymarket,28,0.5337
g0020,kalshi,29,0.5411
g0020,polymarket,29,0.5313
g0020,kalshi,30,0.5393
g0020,polymarket,30,0.5271
g0020,kalshi,31,0.5508
g0020,polymarket,31,0.5747
g0020,kalshi,32,0.5412
g0020,polymarket,32,0.5283
g0020,kalshi,33,0.5601
g0020,polymarket,33,0.5562
g0020,kalshi,34,0.5898
g0020,polymarket,34,0.6013
g0020,kalshi,35,0.5966
g0020,polymarket,35,0.5955
g0020,kalshi,36,0.6184
g0020,polymarket,36,0.6122
g0020,kalshi,37,0.649
g0020,polymarket,37,0.66
g0020,kalshi,38,0.6792
g0020,polymarket,38,0.6641
g0020,kalshi,39,0.6652
g0020,polymarket,39,0.6637
g0020,kalshi,40,0.6331
g0020,polymarket,40,0.6208
g0020,kalshi,41,0.6363
g0020,polymarket,41,0.6063
g0020,kalshi,42,0.6328
g0020,polymarket,42,0.6232
g0020,kalshi,43,0.6446
g0020,polymarket,43,0.6663
g0020,kalshi,44,0.6509
g0020,polymarket,44,0.6604
g0020,kalshi,45,0.6518
g0020,polymarket,45,0.7333
g0020,kalshi,46,0.6518
g0020,polymarket,46,0.6435
g0020,kalshi,47,0.6492
g0020,polymarket,47,0.6547
g0020,kalshi,48,0.6467
g0020,polymarket,48,0.6323
g0020,kalshi,49,0.6486
g0020,polymarket,49,0.6443
g0020,kalshi,50,0.6506
g0020,polymarket,50,0.6515
g0020,kalshi,51,0.6239
g0020,polymarket,51,0.6218
g0020,kalshi,52,0.623
g0020,polymarket,52,0.6239
g0020,kalshi,53,0.6094
g0020,polymarket,53,0.6054
g0020,kalshi,54,0.63
g0020,polymarket,54,0.6195
g0020,kalshi,55,0.6331
g0020,polymarket,55,0.6202
g0020,kalshi,56,0.618
g0020,polymarket,56,0.6174
g0020,kalshi,57,0.6207
g0020,polymarket,57,0.6068
g0020,kalshi,58,0.627
g0020,polymarket,58,0.6305
g0020,kalshi,59,0.654
g0020,polymarket,59,0.6533
g0020,kalshi,60,0.638
g0020,polymarket,60,0.6571
g0020,kalshi,61,0.621
g0020,polymarket,61,0.6031
g0020,kalshi,62,0.5864
g0020,polymarket,62,0.5955
g0020,kalshi,63,0.6016
g0020,polymarket,63,0.6025
g0020,kalshi,64,0.5912
g0020,polymarket,64,0.5653
g0020,kalshi,65,0.5816
g0020,polymarket,65,0.5394
g0020,kalshi,66,0.5772
g0020,polymarket,66,0.5762
g0020,kalshi,67,0.5905
g0020,polymarket,67,0.5586
g0020,kalshi,68,0.5985
g0020,polymarket,68,0.5968
g0020,kalshi,69,0.5556
g0020,polymarket,69,0.5585
g0020,kalshi,70,0.5115
g0020,polymarket,70,0.5052
g0020,kalshi,71,0.4957
g0020,polymarket,71,0.5027
g0020,kalshi,72,0.4903
g0020,polymarket,72,0.4158
g0020,kalshi,73,0.509
g0020,polymarket,73,0.5003
g0020,kalshi,74,0.5081
g0020,polymarket,74,0.5012
g0020,kalshi,75,0.5235
g0020,polymarket,75,0.5093
g0020,kalshi,76,0.5457
g0020,polymarket,76,0.529
g0020,kalshi,77,0.5422
g0020,polymarket,77,0.5624
g0020,kalshi,78,0.5685
g0020,polymarket,78,0.5651
g0020,kalshi,79,0.5924
g0020,polymarket,79,0.5231
g0021,kalshi,0,0.5917
g0021,polymarket,0,0.5797
g0021,kalshi,1,0.5573
g0021,polymarket,1,0.5553
g0021,kalshi,2,0.568
g0021,polymarket,2,0.5723
g0021,kalshi,3,0.5635
g0021,polymarket,3,0.5596
g0021,kalshi,4,0.5992
g0021,polymarket,4,0.6082
g0021,kalshi,5,0.604
g0021,polymarket,5,0.6105
g0021,kalshi,6,0.6372
g0021,polymarket,6,0.6139
g0021,kalshi,7,0.6339
g0021,polymarket,7,0.6312
g0021,kalshi,8,0.652
g0021,polymarket,8,0.6445
g0021,kalshi,9,0.6682
g0021,polymarket,9,0.6675
g0021,kalshi,10,0.6645
g0021,polymarket,10,0.6804
g0021,kalshi,11,0.6669
g0021,polymarket,11,0.6584
g0021,kalshi,12,0.6923
g0021,polymarket,12,0.6764
g0021,kalshi,13,0.7161
g0021,polymarket,13,0.7019
g0021,kalshi,14,0.7135
g0021,polymarket,14,0.7222
g0021,kalshi,15,0.7064
g0021,polymarket,15,0.708
g0021,kalshi,16,0.7011
g0021,polymarket,16,0.6863
g0021,kalshi,17,0.7023
g0021,polymarket,17,0.6947
g0021,kalshi,18,0.6807
g0021,polymarket,18,0.6837
g0021,kalshi,19,0.6794
g0021,polymarket,19,0.6966
g0021,kalshi,20,0.697
g0021,polymarket,20,0.677
g0021,kalshi,21,0.7323
g0021,polymarket,21,0.7073
g0021,kalshi,22,0.7045
g0021,polymarket,22,0.7128
g0021,kalshi,23,0.6993
g0021,polymarket,23,0.6968
g0021,kalshi,24,0.7062
g0021,polymarket,24,0.7108
g0021,kalshi,25,0.6907
g0021,polymarket,25,0.6953
g0021,kalshi,26,0.7036
g0021,polymarket,26,0.7163
g0021,kalshi,27,0.7067
g0021,polymarket,27,0.6973
g0021,kalshi,28,0.7255
g0021,polymarket,28,0.7284
g0021,kalshi,29,0.7178
g0021,polymarket,29,0.7184
g0021,kalshi,30,0.7027
g0021,polymarket,30,0.7094
g0021,kalshi,31,0.6977
g0021,polymarket,31,0.7009
g0021,kalshi,32,0.6991
g0021,polymarket,32,0.6973
g0021,kalshi,33,0.6985
g0021,polymarket,33,0.6846
g0021,kalshi,34,0.716
g0021,polymarket,34,0.7477
g0021,kalshi,35,0.7041
g0021,polymarket,35,0.7053
g0021,kalshi,36,0.699
g0021,polymarket,36,0.7187
g0021,kalshi,37,0.6816
g0021,polymarket,37,0.7349
g0021,kalshi,38,0.6526
g0021,polymarket,38,0.6606
g0021,kalshi,39,0.6559
g0021,polymarket,39,0.6551
g0021,kalshi,40,0.6478
g0021,polymarket,40,0.6319
g0021,kalshi,41,0.6497
g0021,polymarket,41,0.6389
g0021,kalshi,42,0.6469
g0021,polymarket,42,0.6482
g0021,kalshi,43,0.6621
g0021,polymarket,43,0.6522
g0021,kalshi,44,0.6846
g0021,polymarket,44,0.6897
g0021,kalshi,45,0.6688
g0021,polymarket,45,0.6854
g0021,kalshi,46,0.6338
g0021,polymarket,46,0.6456
g0021,kalshi,47,0.6235
g0021,polymarket,47,0.6955
g0021,kalshi,48,0.6321
g0021,polymarket,48,0.643
g0021,kalshi,49,0.6418
g0021,polymarket,49,0.6451
g0021,kalshi,50,0.6417
g0021,polymarket,50,0.6249
g0021,kalshi,51,0.6215
g0021,polymarket,51,0.6398
g0021,kalshi,52,0.614
g0021,polymarket,52,0.6385
g0021,kalshi,53,0.5963
g0021,polymarket,53,0.5929
g0021,kalshi,54,0.596
g0021,polymarket,54,0.5806
g0021,kalshi,55,0.592
g0021,polymarket,55,0.6343
g0021,kalshi,56,0.6125
g0021,polymarket,56,0.6198
g0021,kalshi,57,0.6011
g0021,polymarket,57,0.6033
g0021,kalshi,58,0.6027
g0021,polymarket,58,0.6011
g0021,kalshi,59,0.6184
g0021,polymarket,59,0.6246
g0021,kalshi,60,0.6102
g0021,polymarket,60,0.6099
g0021,kalshi,61,0.5903
g0021,polymarket,61,0.5751
g0021,kalshi,62,0.5846
g0021,polymarket,62,0.5862
g0021,kalshi,63,0.5472
g0021,polymarket,63,0.5373
g0021,kalshi,64,0.5688
g0021,polymarket,64,0.5858
g0021,kalshi,65,0.5775
g0021,polymarket,65,0.5815
g0021,kalshi,66,0.5198
g0021,polymarket,66,0.5164
g0021,kalshi,67,0.5315
g0021,polymarket,67,0.5345
g0021,kalshi,68,0.5057
g0021,polymarket,68,0.5023
g0021,kalshi,69,0.5085
g0021,polymarket,69,0.5143
g0021,kalshi,70,0.4974
g0021,polymarket,70,0.4706
g0021,kalshi,71,0.4954
g0021,polymarket,71,0.5397
g0021,kalshi,72,0.4848
g0021,polymarket,72,0.4965
g0021,kalshi,73,0.4961
g0021,polymarket,73,0.4819
g0021,kalshi,74,0.5254
g0021,polymarket,74,0.6047
g0021,kalshi,75,0.5078
g0021,polymarket,75,0.5026
g0021,kalshi,76,0.4992
g0021,polymarket,76,0.4768
g0021,kalshi,77,0.4909
g0021,polymarket,77,0.497
g0021,kalshi,78,0.5189
g0021,polymarket,78,0.517
g0021,kalshi,79,0.5211
g0021,polymarket,79,0.503
g0022,kalshi,0,0.4387
g0022,polymarket,0,0.4566
g0022,kalshi,1,0.4741
g0022,polymarket,1,0.4707
g0022,kalshi,2,0.4578
g0022,polymarket,2,0.4338
g0022,kalshi,3,0.4516
g0022,polymarket,3,0.4309
g0022,kalshi,4,0.4323
g0022,polymarket,4,0.4345
g0022,kalshi,5,0.4462
g0022,polymarket,5,0.4479
g0022,kalshi,6,0.4332
g0022,polymarket,6,0.4312
g0022,kalshi,7,0.3995
g0022,polymarket,7,0.3913
g0022,kalshi,8,0.3946
g0022,polymarket,8,0.3899
g0022,kalshi,9,0.3751
g0022,polymarket,9,0.392
g0022,kalshi,10,0.3573
g0022,polymarket,10,0.3476
g0022,kalshi,11,0.3182
g0022,polymarket,11,0.3657
g0022,kalshi,12,0.3291
g0022,polymarket,12,0.3555
g0022,kalshi,13,0.3391
g0022,polymarket,13,0.3574
g0022,kalshi,14,0.3288
g0022,polymarket,14,0.3358
g0022,kalshi,15,0.2989
g0022,polymarket,15,0.2859
g0022,kalshi,16,0.2949
g0022,polymarket,16,0.2741
g0022,kalshi,17,0.2962
g0022,polymarket,17,0.3033
g0022,kalshi,18,0.3046
g0022,polymarket,18,0.2926
g0022,kalshi,19,0.2967
g0022,polymarket,19,0.2875
g0022,kalshi,20,0.3005
g0022,polymarket,20,0.3112
g0022,kalshi,21,0.3099
g0022,polymarket,21,0.3044
g0022,kalshi,22,0.3193
g0022,polymarket,22,0.3258
g0022,kalshi,23,0.2989
g0022,polymarket,23,0.3211
g0022,kalshi,24,0.3227
g0022,polymarket,24,0.3368
g0022,kalshi,25,0.3089
g0022,polymarket,25,0.291
g0022,kalshi,26,0.326
g0022,polymarket,26,0.3111
g0022,kalshi,27,0.3304
g0022,polymarket,27,0.3329
g0022,kalshi,28,0.3588
g0022,polymarket,28,0.3547
g0022,kalshi,29,0.3182
g0022,polymarket,29,0.301
g0022,kalshi,30,0.3147
g0022,polymarket,30,0.3198
g0022,kalshi,31,0.3082
g0022,polymarket,31,0.2526
g0022,kalshi,32,0.3157
g0022,polymarket,32,0.2853
g0022,kalshi,33,0.2846
g0022,polymarket,33,0.2845
g0022,kalshi,34,0.3149
g0022,polymarket,34,0.3065
g0022,kalshi,35,0.331
g0022,polymarket,35,0.3311
g0022,kalshi,36,0.3416
g0022,polymarket,36,0.4094
g0022,kalshi,37,0.3427
g0022,polymarket,37,0.3644
g0022,kalshi,38,0.3482
g0022,polymarket,38,0.3346
g0022,kalshi,39,0.3421
g0022,polymarket,39,0.3615
g0022,kalshi,40,0.342
g0022,polymarket,40,0.332
g0022,kalshi,41,0.3283
g0022,polymarket,41,0.3229
g0022,kalshi,42,0.3436
g0022,polymarket,42,0.3481
g0022,kalshi,43,0.3841
g0022,polymarket,43,0.3905
g0022,kalshi,44,0.3794
g0022,polymarket,44,0.38
g0022,kalshi,45,0.3486
g0022,polymarket,45,0.3563
g0022,kalshi,46,0.3819
g0022,polymarket,46,0.3848
g0022,kalshi,47,0.4085
g0022,polymarket,47,0.395
g0022,kalshi,48,0.4311
g0022,polymarket,48,0.4944
g0022,kalshi,49,0.4452
g0022,polymarket,49,0.4386
g0022,kalshi,50,0.4594
g0022,polymarket,50,0.4645
g0022,kalshi,51,0.4612
g0022,polymarket,51,0.4795
g0022,kalshi,52,0.4647
g0022,polymarket,52,0.4558
g0022,kalshi,53,0.4664
g0022,polymarket,53,0.4564
g0022,kalshi,54,0.498
g0022,polymarket,54,0.5122
g0022,kalshi,55,0.5153
g0022,polymarket,55,0.4508
g0022,kalshi,56,0.5183
g0022,polymarket,56,0.5024
g0022,kalshi,57,0.5042
g0022,polymarket,57,0.4984
g0022,kalshi,58,0.5102
g0022,polymarket,58,0.5082
g0022,kalshi,59,0.5215
g0022,polymarket,59,0.5278
g0022,kalshi,60,0.5069
g0022,polymarket,60,0.4933
g0022,kalshi,61,0.5267
g0022,polymarket,61,0.5101
g0022,kalshi,62,0.5511
g0022,polymarket,62,0.5521
g0022,kalshi,63,0.5399
g0022,polymarket,63,0.5434
g0022,kalshi,64,0.5386
g0022,polymarket,64,0.5362
g0022,kalshi,65,0.5176
g0022,polymarket,65,0.5275
g0022,kalshi,66,0.5254
g0022,polymarket,66,0.5198
g0022,kalshi,67,0.5734
g0022,polymarket,67,0.5658
g0022,kalshi,68,0.5817
g0022,polymarket,68,0.5838
g0022,kalshi,69,0.5558
g0022,polymarket,69,0.525
g0022,kalshi,70,0.5695
g0022,polymarket,70,0.5718
g0022,kalshi,71,0.5842
g0022,polymarket,71,0.5846
g0022,kalshi,72,0.6048
g0022,polymarket,72,0.6254
g0022,kalshi,73,0.5803
g0022,polymarket,73,0.5693
g0022,kalshi,74,0.5818
g0022,polymarket,74,0.5651
g0022,kalshi,75,0.5763
g0022,polymarket,75,0.5803
g0022,kalshi,76,0.6149
g0022,polymarket,76,0.6156
g0022,kalshi,77,0.6171
g0022,polymarket,77,0.6025
g0022,kalshi,78,0.6171
g0022,polymarket,78,0.6084
g0022,kalshi,79,0.6571
g0022,polymarket,79,0.6519
g0023,kalshi,0,0.5638
g0023,polymarket,0,0.5616
g0023,kalshi,1,0.5859
g0023,polymarket,1,0.5649
g0023,kalshi,2,0.6024
g0023,polymarket,2,0.6055
g0023,kalshi,3,0.603
g0023,polymarket,3,0.6012
g0023,kalshi,4,0.6063
g0023,polymarket,4,0.5904
g0023,kalshi,5,0.6232
g0023,polymarket,5,0.636
g0023,kalshi,6,0.6396
g0023,polymarket,6,0.6346
g0023,kalshi,7,0.6345
g0023,polymarket,7,0.6409
g0023,kalshi,8,0.6192
g0023,polymarket,8,0.6257
g0023,kalshi,9,0.6293
g0023,polymarket,9,0.6203
g0023,kalshi,10,0.6293
g0023,polymarket,10,0.6235
g0023,kalshi,11,0.61
g0023,polymarket,11,0.6241
g0023,kalshi,12,0.5959
g0023,polymarket,12,0.6135
g0023,kalshi,13,0.5931
g0023,polymarket,13,0.578
g0023,kalshi,14,0.5959
g0023,polymarket,14,0.5896
g0023,kalshi,15,0.5722
g0023,polymarket,15,0.5599
g0023,kalshi,16,0.5872
g0023,polymarket,16,0.5714
g0023,kalshi,17,0.6107
g0023,polymarket,17,0.5972
g0023,kalshi,18,0.6217
g0023,polymarket,18,0.6188
g0023,kalshi,19,0.6197
g0023,polymarket,19,0.5922
g0023,kalshi,20,0.6512
g0023,polymarket,20,0.6702
g0023,kalshi,21,0.6406
g0023,polymarket,21,0.6487
g0023,kalshi,22,0.6319
g0023,polymarket,22,0.6291
g0023,kalshi,23,0.6268
g0023,polymarket,23,0.6264
g0023,kalshi,24,0.6139
g0023,polymarket,24,0.6071
g0023,kalshi,25,0.615
g0023,polymarket,25,0.6211
g0023,kalshi,26,0.5603
g0023,polymarket,26,0.5678
g0023,kalshi,27,0.5759
g0023,polymarket,27,0.5942
g0023,kalshi,28,0.5645
g0023,polymarket,28,0.5512
g0023,kalshi,29,0.5412
g0023,polymarket,29,0.5257
g0023,kalshi,30,0.5414
g0023,polymarket,30,0.5594
g0023,kalshi,31,0.5324
g0023,polymarket,31,0.5393
g0023,kalshi,32,0.5578
g0023,polymarket,32,0.5492
g0023,kalshi,33,0.5684
g0023,polymarket,33,0.5494
g0023,kalshi,34,0.597
g0023,polymarket,34,0.5415
g0023,kalshi,35,0.597
g0023,polymarket,35,0.5902
g0023,kalshi,36,0.6395
g0023,polymarket,36,0.6355
g0023,kalshi,37,0.6263
g0023,polymarket,37,0.6172
g0023,kalshi,38,0.598
g0023,polymarket,38,0.5745
g0023,kalshi,39,0.6074
g0023,polymarket,39,0.5953
g0023,kalshi,40,0.6312
g0023,polymarket,40,0.6692
g0023,kalshi,41,0.5929
g0023,polymarket,41,0.6116
g0023,kalshi,42,0.5583
g0023,polymarket,42,0.5071
g0023,kalshi,43,0.5599
g0023,polymarket,43,0.5353
g0023,kalshi,44,0.5781
g0023,polymarket,44,0.5749
g0023,kalshi,45,0.5398
g0023,polymarket,45,0.5427
g0023,kalshi,46,0.5536
g0023,polymarket,46,0.5396
g0023,kalshi,47,0.5653
g0023,polymarket,47,0.5715
g0023,kalshi,48,0.5253
g0023,polymarket,48,0.5331
g0023,kalshi,49,0.5336
g0023,polymarket,49,0.5321
g0023,kalshi,50,0.5273
g0023,polymarket,50,0.541
g0023,kalshi,51,0.4976
g0023,polymarket,51,0.4807
g0023,kalshi,52,0.4783
g0023,polymarket,52,0.4743
g0023,kalshi,53,0.4838
g0023,polymarket,53,0.4869
g0023,kalshi,54,0.4945
g0023,polymarket,54,0.4956
g0023,kalshi,55,0.4711
g0023,polymarket,55,0.4571
g0023,kalshi,56,0.46
g0023,polymarket,56,0.4822
g0023,kalshi,57,0.4663
g0023,polymarket,57,0.4507
g0023,kalshi,58,0.4476
g0023,polymarket,58,0.4584
g0023,kalshi,59,0.4627
g0023,polymarket,59,0.4461
g0023,kalshi,60,0.4487
g0023,polymarket,60,0.4573
g0023,kalshi,61,0.4372
g0023,polymarket,61,0.43
g0023,kalshi,62,0.4322
g0023,polymarket,62,0.4215
g0023,kalshi,63,0.4432
g0023,polymarket,63,0.4297
g0023,kalshi,64,0.4718
g0023,polymarket,64,0.4857
g0023,kalshi,65,0.4707
g0023,polymarket,65,0.4613
g0023,kalshi,66,0.4761
g0023,polymarket,66,0.4869
g0023,kalshi,67,0.4479
g0023,polymarket,67,0.4449
g0023,kalshi,68,0.451
g0023,polymarket,68,0.4717
g0023,kalshi,69,0.4772
g0023,polymarket,69,0.4797
g0023,kalshi,70,0.4818
g0023,polymarket,70,0.4795
g0023,kalshi,71,0.4724
g0023,polymarket,71,0.4702
g0023,kalshi,72,0.4686
g0023,polymarket,72,0.5164
g0023,kalshi,73,0.4984
g0023,polymarket,73,0.485
g0023,kalshi,74,0.5219
g0023,polymarket,74,0.5265
g0023,kalshi,75,0.5122
g0023,polymarket,75,0.4653
g0023,kalshi,76,0.5153
g0023,polymarket,76,0.5109
g0023,kalshi,77,0.5147
g0023,polymarket,77,0.5346
g0023,kalshi,78,0.494
g0023,polymarket,78,0.5049
g0023,kalshi,79,0.5084
g0023,polymarket,79,0.5086
g0024,kalshi,0,0.4202
g0024,polymarket,0,0.4002
g0024,kalshi,1,0.4318
g0024,polymarket,1,0.4199
g0024,kalshi,2,0.3973
g0024,polymarket,2,0.4035
g0024,kalshi,3,0.4067
g0024,polymarket,3,0.4391
g0024,kalshi,4,0.3931
g0024,polymarket,4,0.4084
g0024,kalshi,5,0.4425
g0024,polymarket,5,0.4461
g0024,kalshi,6,0.4667
g0024,polymarket,6,0.4749
g0024,kalshi,7,0.4681
g0024,polymarket,7,0.4261
g0024,kalshi,8,0.4838
g0024,polymarket,8,0.4049
g0024,kalshi,9,0.4759
g0024,polymarket,9,0.4889
g0024,kalshi,10,0.4444
g0024,polymarket,10,0.4473
g0024,kalshi,11,0.4302
g0024,polymarket,11,0.4108
g0024,kalshi,12,0.4054
g0024,polymarket,12,0.3953
g0024,kalshi,13,0.4125
g0024,polymarket,13,0.4069
g0024,kalshi,14,0.4048
g0024,polymarket,14,0.4159
g0024,kalshi,15,0.3918
g0024,polymarket,15,0.3897
g0024,kalshi,16,0.3998
g0024,polymarket,16,0.4171
g0024,kalshi,17,0.3872
g0024,polymarket,17,0.3946
g0024,kalshi,18,0.3913
g0024,polymarket,18,0.3899
g0024,kalshi,19,0.3524
g0024,polymarket,19,0.3681
g0024,kalshi,20,0.359
g0024,polymarket,20,0.358
g0024,kalshi,21,0.3348
g0024,polymarket,21,0.3036
g0024,kalshi,22,0.3408
g0024,polymarket,22,0.3139
g0024,kalshi,23,0.3649
g0024,polymarket,23,0.3662
g0024,kalshi,24,0.3394
g0024,polymarket,24,0.3352
g0024,kalshi,25,0.3177
g0024,polymarket,25,0.3133
g0024,kalshi,26,0.3006
g0024,polymarket,26,0.318
g0024,kalshi,27,0.3024
g0024,polymarket,27,0.3209
g0024,kalshi,28,0.2981
g0024,polymarket,28,0.3197
g0024,kalshi,29,0.3109
g0024,polymarket,29,0.3262
g0024,kalshi,30,0.301
g0024,polymarket,30,0.3052
g0024,kalshi,31,0.3034
g0024,polymarket,31,0.2793
g0024,kalshi,32,0.2821
g0024,polymarket,32,0.264
g0024,kalshi,33,0.2775
g0024,polymarket,33,0.2674
g0024,kalshi,34,0.2505
g0024,polymarket,34,0.2266
g0024,kalshi,35,0.2034
g0024,polymarket,35,0.2183
g0024,kalshi,36,0.1825
g0024,polymarket,36,0.1613
g0024,kalshi,37,0.1672
g0024,polymarket,37,0.0929
g0024,kalshi,38,0.1611
g0024,polymarket,38,0.1476
g0024,kalshi,39,0.1598
g0024,polymarket,39,0.1615
g0024,kalshi,40,0.1521
g0024,polymarket,40,0.1584
g0024,kalshi,41,0.1721
g0024,polymarket,41,0.1733
g0024,kalshi,42,0.1819
g0024,polymarket,42,0.1981
g0024,kalshi,43,0.1407
g0024,polymarket,43,0.1525
g0024,kalshi,44,0.1238
g0024,polymarket,44,0.1255
g0024,kalshi,45,0.1152
g0024,polymarket,45,0.1269
g0024,kalshi,46,0.1797
g0024,polymarket,46,0.1772
g0024,kalshi,47,0.1914
g0024,polymarket,47,0.198
g0024,kalshi,48,0.1857
g0024,polymarket,48,0.1569
g0024,kalshi,49,0.1629
g0024,polymarket,49,0.1571
g0024,kalshi,50,0.1427
g0024,polymarket,50,0.1467
g0024,kalshi,51,0.1219
g0024,polymarket,51,0.1271
g0024,kalshi,52,0.1308
g0024,polymarket,52,0.127
g0024,kalshi,53,0.1114
g0024,polymarket,53,0.1145
g0024,kalshi,54,0.122
g0024,polymarket,54,0.14
g0024,kalshi,55,0.1648
g0024,polymarket,55,0.1653
g0024,kalshi,56,0.1487
g0024,polymarket,56,0.1622
g0024,kalshi,57,0.143
g0024,polymarket,57,0.1429
g0024,kalshi,58,0.1308
g0024,polymarket,58,0.12
g0024,kalshi,59,0.1482
g0024,polymarket,59,0.121
g0024,kalshi,60,0.1178
g0024,polymarket,60,0.1902
g0024,kalshi,61,0.1051
g0024,polymarket,61,0.1105
g0024,kalshi,62,0.102
g0024,polymarket,62,0.0491
g0024,kalshi,63,0.1011
g0024,polymarket,63,0.102
g0024,kalshi,64,0.1322
g0024,polymarket,64,0.1419
g0024,kalshi,65,0.1482
g0024,polymarket,65,0.1598
g0024,kalshi,66,0.1381
g0024,polymarket,66,0.1603
g0024,kalshi,67,0.1552
g0024,polymarket,67,0.171
g0024,kalshi,68,0.1616
g0024,polymarket,68,0.1425
g0024,kalshi,69,0.1494
g0024,polymarket,69,0.1429
g0024,kalshi,70,0.1092
g0024,polymarket,70,0.1116
g0024,kalshi,71,0.1062
g0024,polymarket,71,0.1128
g0024,kalshi,72,0.0685
g0024,polymarket,72,0.0855
g0024,kalshi,73,0.0742
g0024,polymarket,73,0.0766
g0024,kalshi,74,0.0798
g0024,polymarket,74,0.1046
g0024,kalshi,75,0.0841
g0024,polymarket,75,0.105
g0024,kalshi,76,0.0925
g0024,polymarket,76,0.1046
g0024,kalshi,77,0.0938
g0024,polymarket,77,0.0941
g0024,kalshi,78,0.0727
g0024,polymarket,78,0.0762
g0024,kalshi,79,0.0568
g0024,polymarket,79,0.0607
g0025,kalshi,0,0.4643
g0025,polymarket,0,0.462
g0025,kalshi,1,0.4818
g0025,polymarket,1,0.4822
g0025,kalshi,2,0.4663
g0025,polymarket,2,0.4385
g0025,kalshi,3,0.454
g0025,polymarket,3,0.4484
g0025,kalshi,4,0.4348
g0025,polymarket,4,0.4334
g0025,kalshi,5,0.4398
g0025,polymarket,5,0.4107
g0025,kalshi,6,0.4116
g0025,polymarket,6,0.409
g0025,kalshi,7,0.4333
g0025,polymarket,7,0.4451
g0025,kalshi,8,0.41
g0025,polymarket,8,0.4154
g0025,kalshi,9,0.4103
g0025,polymarket,9,0.4074
g0025,kalshi,10,0.4093
g0025,polymarket,10,0.3552
g0025,kalshi,11,0.4388
g0025,polymarket,11,0.425
g0025,kalshi,12,0.4719
g0025,polymarket,12,0.4717
g0025,kalshi,13,0.5015
g0025,polymarket,13,0.4903
g0025,kalshi,14,0.4902
g0025,polymarket,14,0.4845
g0025,kalshi,15,0.4746
g0025,polymarket,15,0.4781
g0025,kalshi,16,0.4823
g0025,polymarket,16,0.4817
g0025,kalshi,17,0.4884
g0025,polymarket,17,0.4819
g0025,kalshi,18,0.4379
g0025,polymarket,18,0.4816
g0025,kalshi,19,0.4476
g0025,polymarket,19,0.4411
g0025,kalshi,20,0.456
g0025,polymarket,20,0.4515
g0025,kalshi,21,0.4388
g0025,polymarket,21,0.4419
g0025,kalshi,22,0.4506
g0025,polymarket,22,0.4605
g0025,kalshi,23,0.4614
g0025,polymarket,23,0.4857
g0025,kalshi,24,0.4529
g0025,polymarket,24,0.4316
g0025,kalshi,25,0.46
g0025,polymarket,25,0.4514
g0025,kalshi,26,0.4133
g0025,polymarket,26,0.4174
g0025,kalshi,27,0.4107
g0025,polymarket,27,0.4036
g0025,kalshi,28,0.3989
g0025,polymarket,28,0.3785
g0025,kalshi,29,0.3986
g0025,polymarket,29,0.3943
g0025,kalshi,30,0.4286
g0025,polymarket,30,0.4359
g0025,kalshi,31,0.4513
g0025,polymarket,31,0.467
g0025,kalshi,32,0.4395
g0025,polymarket,32,0.4267
g0025,kalshi,33,0.4608
g0025,polymarket,33,0.4471
g0025,kalshi,34,0.4684
g0025,polymarket,34,0.4638
g0025,kalshi,35,0.4858
g0025,polymarket,35,0.4962
g0025,kalshi,36,0.4452
g0025,polymarket,36,0.4481
g0025,kalshi,37,0.4507
g0025,polymarket,37,0.4432
g0025,kalshi,38,0.4789
g0025,polymarket,38,0.4921
g0025,kalshi,39,0.4957
g0025,polymarket,39,0.5084
g0025,kalshi,40,0.4963
g0025,polymarket,40,0.4791
g0025,kalshi,41,0.4793
g0025,polymarket,41,0.4861
g0025,kalshi,42,0.4999
g0025,polymarket,42,0.5022
g0025,kalshi,43,0.5013
g0025,polymarket,43,0.5014
g0025,kalshi,44,0.4962
g0025,polymarket,44,0.502
g0025,kalshi,45,0.5162
g0025,polymarket,45,0.5197
g0025,kalshi,46,0.4844
g0025,polymarket,46,0.4888
g0025,kalshi,47,0.4875
g0025,polymarket,47,0.4694
g0025,kalshi,48,0.489
g0025,polymarket,48,0.4862
g0025,kalshi,49,0.4784
g0025,polymarket,49,0.4899
g0025,kalshi,50,0.4824
g0025,polymarket,50,0.4861
g0025,kalshi,51,0.4813
g0025,polymarket,51,0.5034
g0025,kalshi,52,0.4351
g0025,polymarket,52,0.445
g0025,kalshi,53,0.4144
g0025,polymarket,53,0.4218
g0025,kalshi,54,0.4298
g0025,polymarket,54,0.4227
g0025,kalshi,55,0.3627
g0025,polymarket,55,0.3482
g0025,kalshi,56,0.3705
g0025,polymarket,56,0.3913
g0025,kalshi,57,0.3579
g0025,polymarket,57,0.3681
g0025,kalshi,58,0.4094
g0025,polymarket,58,0.4057
g0025,kalshi,59,0.4199
g0025,polymarket,59,0.4004
g0025,kalshi,60,0.4032
g0025,polymarket,60,0.3934
g0025,kalshi,61,0.431
g0025,polymarket,61,0.4349
g0025,kalshi,62,0.4303
g0025,polymarket,62,0.4975
g0025,kalshi,63,0.4334
g0025,polymarket,63,0.428
g0025,kalshi,64,0.4363
g0025,polymarket,64,0.4462
g0025,kalshi,65,0.4336
g0025,polymarket,65,0.4228
g0025,kalshi,66,0.4209
g0025,polymarket,66,0.4171
g0025,kalshi,67,0.4227
g0025,polymarket,67,0.4086
g0025,kalshi,68,0.4227
g0025,polymarket,68,0.415
g0025,kalshi,69,0.4249
g0025,polymarket,69,0.4168
g0025,kalshi,70,0.3968
g0025,polymarket,70,0.3675
g0025,kalshi,71,0.3733
g0025,polymarket,71,0.3741
g0025,kalshi,72,0.3738
g0025,polymarket,72,0.3854
g0025,kalshi,73,0.3651
g0025,polymarket,73,0.3138
g0025,kalshi,74,0.3602
g0025,polymarket,74,0.3124
g0025,kalshi,75,0.3584
g0025,polymarket,75,0.3578
g0025,kalshi,76,0.3528
g0025,polymarket,76,0.3583
g0025,kalshi,77,0.3705
g0025,polymarket,77,0.3521
g0025,kalshi,78,0.3691
g0025,polymarket,78,0.3737
g0025,kalshi,79,0.383
g0025,polymarket,79,0.3765
g0026,kalshi,0,0.5279
g0026,polymarket,0,0.5221
g0026,kalshi,1,0.5494
g0026,polymarket,1,0.5298
g0026,kalshi,2,0.5644
g0026,polymarket,2,0.5721
g0026,kalshi,3,0.575
g0026,polymarket,3,0.5672
g0026,kalshi,4,0.5323
g0026,polymarket,4,0.5295
g0026,kalshi,5,0.5183
g0026,polymarket,5,0.5207
g0026,kalshi,6,0.5464
g0026,polymarket,6,0.5519
g0026,kalshi,7,0.5347
g0026,polymarket,7,0.5436
g0026,kalshi,8,0.56
g0026,polymarket,8,0.557
g0026,kalshi,9,0.5373
g0026,polymarket,9,0.483
g0026,kalshi,10,0.5075
g0026,polymarket,10,0.5002
g0026,kalshi,11,0.5165
g0026,polymarket,11,0.5261
g0026,kalshi,12,0.5264
g0026,polymarket,12,0.5307
g0026,kalshi,13,0.5478
g0026,polymarket,13,0.5408
g0026,kalshi,14,0.5107
g0026,polymarket,14,0.5016
g0026,kalshi,15,0.4906
g0026,polymarket,15,0.4953
g0026,kalshi,16,0.477
g0026,polymarket,16,0.4765
g0026,kalshi,17,0.4838
g0026,polymarket,17,0.4539
g0026,kalshi,18,0.4604
g0026,polymarket,18,0.4515
g0026,kalshi,19,0.4402
g0026,polymarket,19,0.455
g0026,kalshi,20,0.4409
g0026,polymarket,20,0.4381
g0026,kalshi,21,0.437
g0026,polymarket,21,0.4304
g0026,kalshi,22,0.4361
g0026,polymarket,22,0.4384
g0026,kalshi,23,0.4494
g0026,polymarket,23,0.4502
g0026,kalshi,24,0.4161
g0026,polymarket,24,0.4121
g0026,kalshi,25,0.4215
g0026,polymarket,25,0.4047
g0026,kalshi,26,0.4261
g0026,polymarket,26,0.4519
g0026,kalshi,27,0.397
g0026,polymarket,27,0.3951
g0026,kalshi,28,0.3879
g0026,polymarket,28,0.3936
g0026,kalshi,29,0.3925
g0026,polymarket,29,0.4728
g0026,kalshi,30,0.3781
g0026,polymarket,30,0.364
g0026,kalshi,31,0.369
g0026,polymarket,31,0.3678
g0026,kalshi,32,0.3595
g0026,polymarket,32,0.3479
g0026,kalshi,33,0.3274
g0026,polymarket,33,0.3418
g0026,kalshi,34,0.3224
g0026,polymarket,34,0.3152
g0026,kalshi,35,0.3088
g0026,polymarket,35,0.2985
g0026,kalshi,36,0.3315
g0026,polymarket,36,0.3457
g0026,kalshi,37,0.3413
g0026,polymarket,37,0.3423
g0026,kalshi,38,0.3589
g0026,polymarket,38,0.3587
g0026,kalshi,39,0.4111
g0026,polymarket,39,0.418
g0026,kalshi,40,0.4278
g0026,polymarket,40,0.4342
g0026,kalshi,41,0.4483
g0026,polymarket,41,0.4429
g0026,kalshi,42,0.5034
g0026,polymarket,42,0.4873
g0026,kalshi,43,0.5061
g0026,polymarket,43,0.4897
g0026,kalshi,44,0.4912
g0026,polymarket,44,0.4445
g0026,kalshi,45,0.476
g0026,polymarket,45,0.4837
g0026,kalshi,46,0.4657
g0026,polymarket,46,0.4721
g0026,kalshi,47,0.4534
g0026,polymarket,47,0.4523
g0026,kalshi,48,0.4432
g0026,polymarket,48,0.4281
g0026,kalshi,49,0.4661
g0026,polymarket,49,0.4807
g0026,kalshi,50,0.476
g0026,polymarket,50,0.4897
g0026,kalshi,51,0.4792
g0026,polymarket,51,0.4644
g0026,kalshi,52,0.4656
g0026,polymarket,52,0.4901
g0026,kalshi,53,0.4706
g0026,polymarket,53,0.4597
g0026,kalshi,54,0.4702
g0026,polymarket,54,0.4725
g0026,kalshi,55,0.4612
g0026,polymarket,55,0.4702
g0026,kalshi,56,0.4364
g0026,polymarket,56,0.4286
g0026,kalshi,57,0.4334
g0026,polymarket,57,0.4166
g0026,kalshi,58,0.4161
g0026,polymarket,58,0.411
g0026,kalshi,59,0.4382
g0026,polymarket,59,0.4391
g0026,kalshi,60,0.4043
g0026,polymarket,60,0.3988
g0026,kalshi,61,0.3733
g0026,polymarket,61,0.3998
g0026,kalshi,62,0.3804
g0026,polymarket,62,0.364
g0026,kalshi,63,0.3776
g0026,polymarket,63,0.3755
g0026,kalshi,64,0.3555
g0026,polymarket,64,0.369
g0026,kalshi,65,0.3339
g0026,polymarket,65,0.3188
g0026,kalshi,66,0.3456
g0026,polymarket,66,0.3344
g0026,kalshi,67,0.3454
g0026,polymarket,67,0.4098
g0026,kalshi,68,0.3286
g0026,polymarket,68,0.3117
g0026,kalshi,69,0.3571
g0026,polymarket,69,0.3667
g0026,kalshi,70,0.3742
g0026,polymarket,70,0.3594
g0026,kalshi,71,0.3606
g0026,polymarket,71,0.4407
g0026,kalshi,72,0.3366
g0026,polymarket,72,0.3257
g0026,kalshi,73,0.3529
g0026,polymarket,73,0.3471
g0026,kalshi,74,0.3544
g0026,polymarket,74,0.3621
g0026,kalshi,75,0.3724
g0026,polymarket,75,0.3854
g0026,kalshi,76,0.4069
g0026,polymarket,76,0.4073
g0026,kalshi,77,0.3978
g0026,polymarket,77,0.3886
g0026,kalshi,78,0.3855
g0026,polymarket,78,0.3913
g0026,kalshi,79,0.3909
g0026,polymarket,79,0.3824
g0027,kalshi,0,0.6323
g0027,polymarket,0,0.6571
g0027,kalshi,1,0.6394
g0027,polymarket,1,0.6541
g0027,kalshi,2,0.6591
g0027,polymarket,2,0.6644
g0027,kalshi,3,0.6904
g0027,polymarket,3,0.693
g0027,kalshi,4,0.6848
g0027,polymarket,4,0.6911
g0027,kalshi,5,0.6661
g0027,polymarket,5,0.6752
g0027,kalshi,6,0.7075
g0027,polymarket,6,0.6864
g0027,kalshi,7,0.6954
g0027,polymarket,7,0.6965
g0027,kalshi,8,0.6827
g0027,polymarket,8,0.6947
g0027,kalshi,9,0.694
g0027,polymarket,9,0.7018
g0027,kalshi,10,0.6865
g0027,polymarket,10,0.6764
g0027,kalshi,11,0.6714
g0027,polymarket,11,0.67
g0027,kalshi,12,0.6856
g0027,polymarket,12,0.6914
g0027,kalshi,13,0.7152
g0027,polymarket,13,0.7703
g0027,kalshi,14,0.7103
g0027,polymarket,14,0.7162
g0027,kalshi,15,0.7062
g0027,polymarket,15,0.7119
g0027,kalshi,16,0.7126
g0027,polymarket,16,0.7059
g0027,kalshi,17,0.702
g0027,polymarket,17,0.7094
g0027,kalshi,18,0.7339
g0027,polymarket,18,0.7372
g0027,kalshi,19,0.7493
g0027,polymarket,19,0.6766
g0027,kalshi,20,0.7369
g0027,polymarket,20,0.7533
g0027,kalshi,21,0.7421
g0027,polymarket,21,0.7192
g0027,kalshi,22,0.7141
g0027,polymarket,22,0.7163
g0027,kalshi,23,0.7318
g0027,polymarket,23,0.7144
g0027,kalshi,24,0.6823
g0027,polymarket,24,0.6823
g0027,kalshi,25,0.693
g0027,polymarket,25,0.7013
g0027,kalshi,26,0.6889
g0027,polymarket,26,0.6746
g0027,kalshi,27,0.7108
g0027,polymarket,27,0.7079
g0027,kalshi,28,0.7078
g0027,polymarket,28,0.7032
g0027,kalshi,29,0.6982
g0027,polymarket,29,0.7007
g0027,kalshi,30,0.6786
g0027,polymarket,30,0.6906
g0027,kalshi,31,0.6521
g0027,polymarket,31,0.6479
g0027,kalshi,32,0.6196
g0027,polymarket,32,0.6049
g0027,kalshi,33,0.6271
g0027,polymarket,33,0.6376
g0027,kalshi,34,0.596
g0027,polymarket,34,0.6085
g0027,kalshi,35,0.5871
g0027,polymarket,35,0.5902
g0027,kalshi,36,0.5501
g0027,polymarket,36,0.5578
g0027,kalshi,37,0.5623
g0027,polymarket,37,0.5583
g0027,kalshi,38,0.6034
g0027,polymarket,38,0.5811
g0027,kalshi,39,0.5948
g0027,polymarket,39,0.5991
g0027,kalshi,40,0.5897
g0027,polymarket,40,0.6152
g0027,kalshi,41,0.5829
g0027,polymarket,41,0.5905
g0027,kalshi,42,0.5461
g0027,polymarket,42,0.5433
g0027,kalshi,43,0.5574
g0027,polymarket,43,0.5672
g0027,kalshi,44,0.5652
g0027,polymarket,44,0.5662
g0027,kalshi,45,0.6056
g0027,polymarket,45,0.6042
g0027,kalshi,46,0.6305
g0027,polymarket,46,0.6481
g0027,kalshi,47,0.6108
g0027,polymarket,47,0.6073
g0027,kalshi,48,0.5904
g0027,polymarket,48,0.5803
g0027,kalshi,49,0.5985
g0027,polymarket,49,0.6007
g0027,kalshi,50,0.5723
g0027,polymarket,50,0.5682
g0027,kalshi,51,0.5715
g0027,polymarket,51,0.5651
g0027,kalshi,52,0.55
g0027,polymarket,52,0.553
g0027,kalshi,53,0.5255
g0027,polymarket,53,0.5245
g0027,kalshi,54,0.511
g0027,polymarket,54,0.5262
g0027,kalshi,55,0.486
g0027,polymarket,55,0.4373
g0027,kalshi,56,0.4601
g0027,polymarket,56,0.4696
g0027,kalshi,57,0.4656
g0027,polymarket,57,0.4594
g0027,kalshi,58,0.4215
g0027,polymarket,58,0.4361
g0027,kalshi,59,0.4052
g0027,polymarket,59,0.3991
g0027,kalshi,60,0.3921
g0027,polymarket,60,0.4033
g0027,kalshi,61,0.3524
g0027,polymarket,61,0.3532
g0027,kalshi,62,0.3571
g0027,polymarket,62,0.2882
g0027,kalshi,63,0.3466
g0027,polymarket,63,0.336
g0027,kalshi,64,0.3572
g0027,polymarket,64,0.3558
g0027,kalshi,65,0.3447
g0027,polymarket,65,0.3402
g0027,kalshi,66,0.3375
g0027,polymarket,66,0.3279
g0027,kalshi,67,0.3461
g0027,polymarket,67,0.3471
g0027,kalshi,68,0.3732
g0027,polymarket,68,0.3677
g0027,kalshi,69,0.3824
g0027,polymarket,69,0.3856
g0027,kalshi,70,0.3479
g0027,polymarket,70,0.3462
g0027,kalshi,71,0.3563
g0027,polymarket,71,0.3572
g0027,kalshi,72,0.3708
g0027,polymarket,72,0.3718
g0027,kalshi,73,0.3413
g0027,polymarket,73,0.3309
g0027,kalshi,74,0.3315
g0027,polymarket,74,0.3338
g0027,kalshi,75,0.3179
g0027,polymarket,75,0.3182
g0027,kalshi,76,0.3482
g0027,polymarket,76,0.3617
g0027,kalshi,77,0.3638
g0027,polymarket,77,0.3581
g0027,kalshi,78,0.3808
g0027,polymarket,78,0.3617
g0027,kalshi,79,0.3954
g0027,polymarket,79,0.3417
g0028,kalshi,0,0.6314
g0028,polymarket,0,0.6502
g0028,kalshi,1,0.6294
g0028,polymarket,1,0.637
g0028,kalshi,2,0.6121
g0028,polymarket,2,0.6274
g0028,kalshi,3,0.6466
g0028,polymarket,3,0.6314
g0028,kalshi,4,0.6571
g0028,polymarket,4,0.6652
g0028,kalshi,5,0.6749
g0028,polymarket,5,0.6733
g0028,kalshi,6,0.6971
g0028,polymarket,6,0.6274
g0028,kalshi,7,0.7045
g0028,polymarket,7,0.6811
g0028,kalshi,8,0.6653
g0028,polymarket,8,0.6741
g0028,kalshi,9,0.672
g0028,polymarket,9,0.6786
g0028,kalshi,10,0.676
g0028,polymarket,10,0.7341
g0028,kalshi,11,0.6686
g0028,polymarket,11,0.6505
g0028,kalshi,12,0.673
g0028,polymarket,12,0.6523
g0028,kalshi,13,0.6726
g0028,polymarket,13,0.6761
g0028,kalshi,14,0.6319
g0028,polymarket,14,0.6217
g0028,kalshi,15,0.6182
g0028,polymarket,15,0.621
g0028,kalshi,16,0.62
g0028,polymarket,16,0.6806
g0028,kalshi,17,0.6287
g0028,polymarket,17,0.6319
g0028,kalshi,18,0.6207
g0028,polymarket,18,0.6221
g0028,kalshi,19,0.5685
g0028,polymarket,19,0.5848
g0028,kalshi,20,0.5817
g0028,polymarket,20,0.5932
g0028,kalshi,21,0.5825
g0028,polymarket,21,0.5692
g0028,kalshi,22,0.5745
g0028,polymarket,22,0.5795
g0028,kalshi,23,0.5772
g0028,polymarket,23,0.5605
g0028,kalshi,24,0.5696
g0028,polymarket,24,0.5587
g0028,kalshi,25,0.5576
g0028,polymarket,25,0.5555
g0028,kalshi,26,0.4944
g0028,polymarket,26,0.4794
g0028,kalshi,27,0.514
g0028,polymarket,27,0.5236
g0028,kalshi,28,0.4944
g0028,polymarket,28,0.4961
g0028,kalshi,29,0.501
g0028,polymarket,29,0.5056
g0028,kalshi,30,0.5108
g0028,polymarket,30,0.512
g0028,kalshi,31,0.4976
g0028,polymarket,31,0.4954
g0028,kalshi,32,0.4889
g0028,polymarket,32,0.4737
g0028,kalshi,33,0.4742
g0028,polymarket,33,0.4734
g0028,kalshi,34,0.5068
g0028,polymarket,34,0.4917
g0028,kalshi,35,0.522
g0028,polymarket,35,0.5167
g0028,kalshi,36,0.5281
g0028,polymarket,36,0.5439
g0028,kalshi,37,0.5363
g0028,polymarket,37,0.5467
g0028,kalshi,38,0.5232
g0028,polymarket,38,0.5296
g0028,kalshi,39,0.5489
g0028,polymarket,39,0.5749
g0028,kalshi,40,0.5389
g0028,polymarket,40,0.5319
g0028,kalshi,41,0.5656
g0028,polymarket,41,0.5489
g0028,kalshi,42,0.5205
g0028,polymarket,42,0.5123
g0028,kalshi,43,0.542
g0028,polymarket,43,0.5433
g0028,kalshi,44,0.556
g0028,polymarket,44,0.5615
g0028,kalshi,45,0.564
g0028,polymarket,45,0.5591
g0028,kalshi,46,0.5769
g0028,polymarket,46,0.5882
g0028,kalshi,47,0.5519
g0028,polymarket,47,0.5728
g0028,kalshi,48,0.5742
g0028,polymarket,48,0.5693
g0028,kalshi,49,0.5579
g0028,polymarket,49,0.5518
g0028,kalshi,50,0.5373
g0028,polymarket,50,0.5605
g0028,kalshi,51,0.5128
g0028,polymarket,51,0.509
g0028,kalshi,52,0.526
g0028,polymarket,52,0.5381
g0028,kalshi,53,0.5111
g0028,polymarket,53,0.5163
g0028,kalshi,54,0.549
g0028,polymarket,54,0.55
g0028,kalshi,55,0.5547
g0028,polymarket,55,0.5651
g0028,kalshi,56,0.5659
g0028,polymarket,56,0.5696
g0028,kalshi,57,0.5911
g0028,polymarket,57,0.5859
g0028,kalshi,58,0.5945
g0028,polymarket,58,0.6004
g0028,kalshi,59,0.5917
g0028,polymarket,59,0.5945
g0028,kalshi,60,0.5733
g0028,polymarket,60,0.5625
g0028,kalshi,61,0.5589
g0028,polymarket,61,0.5593
g0028,kalshi,62,0.5758
g0028,polymarket,62,0.6344
g0028,kalshi,63,0.5898
g0028,polymarket,63,0.5867
g0028,kalshi,64,0.5662
g0028,polymarket,64,0.6275
g0028,kalshi,65,0.5797
g0028,polymarket,65,0.591
g0028,kalshi,66,0.5558
g0028,polymarket,66,0.5303
g0028,kalshi,67,0.5743
g0028,polymarket,67,0.578
g0028,kalshi,68,0.5857
g0028,polymarket,68,0.5854
g0028,kalshi,69,0.5964
g0028,polymarket,69,0.5947
g0028,kalshi,70,0.597
g0028,polymarket,70,0.6025
g0028,kalshi,71,0.6049
g0028,polymarket,71,0.5873
g0028,kalshi,72,0.5964
g0028,polymarket,72,0.6201
g0028,kalshi,73,0.5575
g0028,polymarket,73,0.5466
g0028,kalshi,74,0.555
g0028,polymarket,74,0.5446
g0028,kalshi,75,0.5493
g0028,polymarket,75,0.5476
g0028,kalshi,76,0.5344
g0028,polymarket,76,0.5184
g0028,kalshi,77,0.5223
g0028,polymarket,77,0.5228
g0028,kalshi,78,0.5095
g0028,polymarket,78,0.5394
g0028,kalshi,79,0.4655
g0028,polymarket,79,0.4512
g0029,kalshi,0,0.3675
g0029,polymarket,0,0.361
g0029,kalshi,1,0.3277
g0029,polymarket,1,0.2942
g0029,kalshi,2,0.3016
g0029,polymarket,2,0.2822
g0029,kalshi,3,0.3156
g0029,polymarket,3,0.3041
g0029,kalshi,4,0.3194
g0029,polymarket,4,0.3279
g0029,kalshi,5,0.3096
g0029,polymarket,5,0.3692
g0029,kalshi,6,0.3197
g0029,polymarket,6,0.316
g0029,kalshi,7,0.3579
g0029,polymarket,7,0.3306
g0029,kalshi,8,0.3586
g0029,polymarket,8,0.3473
g0029,kalshi,9,0.3933
g0029,polymarket,9,0.4068
g0029,kalshi,10,0.425
g0029,polymarket,10,0.4279
g0029,kalshi,11,0.4068
g0029,polymarket,11,0.4006
g0029,kalshi,12,0.4035
g0029,polymarket,12,0.4065
g0029,kalshi,13,0.4003
g0029,polymarket,13,0.4146
g0029,kalshi,14,0.4158
g0029,polymarket,14,0.4177
g0029,kalshi,15,0.4069
g0029,polymarket,15,0.4154
g0029,kalshi,16,0.4321
g0029,polymarket,16,0.4153
g0029,kalshi,17,0.3949
g0029,polymarket,17,0.4022
g0029,kalshi,18,0.388
g0029,polymarket,18,0.4073
g0029,kalshi,19,0.3526
g0029,polymarket,19,0.3316
g0029,kalshi,20,0.3353
g0029,polymarket,20,0.3499
g0029,kalshi,21,0.3124
g0029,polymarket,21,0.2955
g0029,kalshi,22,0.3486
g0029,polymarket,22,0.3451
g0029,kalshi,23,0.3545
g0029,polymarket,23,0.3683
g0029,kalshi,24,0.3898
g0029,polymarket,24,0.4077
g0029,kalshi,25,0.3781
g0029,polymarket,25,0.3955
g0029,kalshi,26,0.3648
g0029,polymarket,26,0.3636
g0029,kalshi,27,0.3867
g0029,polymarket,27,0.3945
g0029,kalshi,28,0.3753
g0029,polymarket,28,0.3858
g0029,kalshi,29,0.3596
g0029,polymarket,29,0.351
g0029,kalshi,30,0.3651
g0029,polymarket,30,0.3551
g0029,kalshi,31,0.366
g0029,polymarket,31,0.3605
g0029,kalshi,32,0.3553
g0029,polymarket,32,0.3648
g0029,kalshi,33,0.3184
g0029,polymarket,33,0.3244
g0029,kalshi,34,0.3393
g0029,polymarket,34,0.3283
g0029,kalshi,35,0.3435
g0029,polymarket,35,0.288
g0029,kalshi,36,0.358
g0029,polymarket,36,0.3428
g0029,kalshi,37,0.3447
g0029,polymarket,37,0.3376
g0029,kalshi,38,0.3479
g0029,polymarket,38,0.3361
g0029,kalshi,39,0.3414
g0029,polymarket,39,0.3233
g0029,kalshi,40,0.3577
g0029,polymarket,40,0.316
g0029,kalshi,41,0.385
g0029,polymarket,41,0.389
g0029,kalshi,42,0.4159
g0029,polymarket,42,0.4195
g0029,kalshi,43,0.4185
g0029,polymarket,43,0.4167
g0029,kalshi,44,0.4381
g0029,polymarket,44,0.4276
g0029,kalshi,45,0.4387
g0029,polymarket,45,0.4613
g0029,kalshi,46,0.4101
g0029,polymarket,46,0.4049
g0029,kalshi,47,0.4588
g0029,polymarket,47,0.4695
g0029,kalshi,48,0.4506
g0029,polymarket,48,0.4557
g0029,kalshi,49,0.4588
g0029,polymarket,49,0.451
g0029,kalshi,50,0.4359
g0029,polymarket,50,0.4462
g0029,kalshi,51,0.4365
g0029,polymarket,51,0.4553
g0029,kalshi,52,0.4353
g0029,polymarket,52,0.4467
g0029,kalshi,53,0.436
g0029,polymarket,53,0.4561
g0029,kalshi,54,0.446
g0029,polymarket,54,0.4463
g0029,kalshi,55,0.4301
g0029,polymarket,55,0.4252
g0029,kalshi,56,0.4456
g0029,polymarket,56,0.4461
g0029,kalshi,57,0.4572
g0029,polymarket,57,0.4609
g0029,kalshi,58,0.4465
g0029,polymarket,58,0.4349
g0029,kalshi,59,0.4527
g0029,polymarket,59,0.4649
g0029,kalshi,60,0.4753
g0029,polymarket,60,0.4667
g0029,kalshi,61,0.4483
g0029,polymarket,61,0.4674
g0029,kalshi,62,0.4891
g0029,polymarket,62,0.4826
g0029,kalshi,63,0.4863
g0029,polymarket,63,0.4714
g0029,kalshi,64,0.479
g0029,polymarket,64,0.4793
g0029,kalshi,65,0.4542
g0029,polymarket,65,0.4427
g0029,kalshi,66,0.4399
g0029,polymarket,66,0.4513
g0029,kalshi,67,0.4061
g0029,polymarket,67,0.3948
g0029,kalshi,68,0.4182
g0029,polymarket,68,0.3487
g0029,kalshi,69,0.4381
g0029,polymarket,69,0.4333
g0029,kalshi,70,0.4078
g0029,polymarket,70,0.4272
g0029,kalshi,71,0.3804
g0029,polymarket,71,0.3801
g0029,kalshi,72,0.3425
g0029,polymarket,72,0.361
g0029,kalshi,73,0.3322
g0029,polymarket,73,0.3209
g0029,kalshi,74,0.3236
g0029,polymarket,74,0.3175
g0029,kalshi,75,0.3556
g0029,polymarket,75,0.3559
g0029,kalshi,76,0.4013
g0029,polymarket,76,0.3907
g0029,kalshi,77,0.4038
g0029,polymarket,77,0.4108
g0029,kalshi,78,0.3936
g0029,polymarket,78,0.4182
g0029,kalshi,79,0.4248
g0029,polymarket,79,0.3588
g0030,kalshi,0,0.4518
g0030,polymarket,0,0.4409
g0030,kalshi,1,0.447
g0030,polymarket,1,0.4596
g0030,kalshi,2,0.4632
g0030,polymarket,2,0.4724
g0030,kalshi,3,0.4894
g0030,polymarket,3,0.4923
g0030,kalshi,4,0.4341
g0030,polymarket,4,0.4291
g0030,kalshi,5,0.4526
g0030,polymarket,5,0.4983
g0030,kalshi,6,0.4497
g0030,polymarket,6,0.4645
g0030,kalshi,7,0.4433
g0030,polymarket,7,0.4487
g0030,kalshi,8,0.4617
g0030,polymarket,8,0.5401
g0030,kalshi,9,0.486
g0030,polymarket,9,0.4791
g0030,kalshi,10,0.4855
g0030,polymarket,10,0.4735
g0030,kalshi,11,0.4924
g0030,polymarket,11,0.4962
g0030,kalshi,12,0.4882
g0030,polymarket,12,0.4923
g0030,kalshi,13,0.4916
g0030,polymarket,13,0.4796
g0030,kalshi,14,0.4822
g0030,polymarket,14,0.5039
g0030,kalshi,15,0.4816
g0030,polymarket,15,0.4912
g0030,kalshi,16,0.4852
g0030,polymarket,16,0.47
g0030,kalshi,17,0.5199
g0030,polymarket,17,0.4901
g0030,kalshi,18,0.5025
g0030,polymarket,18,0.5126
g0030,kalshi,19,0.5141
g0030,polymarket,19,0.5138
g0030,kalshi,20,0.5032
g0030,polymarket,20,0.5025
g0030,kalshi,21,0.4808
g0030,polymarket,21,0.4863
g0030,kalshi,22,0.4825
g0030,polymarket,22,0.4826
g0030,kalshi,23,0.4859
g0030,polymarket,23,0.4826
g0030,kalshi,24,0.4758
g0030,polymarket,24,0.4612
g0030,kalshi,25,0.4925
g0030,polymarket,25,0.4334
g0030,kalshi,26,0.4913
g0030,polymarket,26,0.4854
g0030,kalshi,27,0.4814
g0030,polymarket,27,0.4871
g0030,kalshi,28,0.4967
g0030,polymarket,28,0.4863
g0030,kalshi,29,0.4867
g0030,polymarket,29,0.4867
g0030,kalshi,30,0.4761
g0030,polymarket,30,0.4811
g0030,kalshi,31,0.4565
g0030,polymarket,31,0.4493
g0030,kalshi,32,0.4157
g0030,polymarket,32,0.4309
g0030,kalshi,33,0.3911
g0030,polymarket,33,0.3863
g0030,kalshi,34,0.3404
g0030,polymarket,34,0.3492
g0030,kalshi,35,0.294
g0030,polymarket,35,0.2957
g0030,kalshi,36,0.2782
g0030,polymarket,36,0.2555
g0030,kalshi,37,0.2538
g0030,polymarket,37,0.2558
g0030,kalshi,38,0.2498
g0030,polymarket,38,0.27
g0030,kalshi,39,0.2396
g0030,polymarket,39,0.2235
g0030,kalshi,40,0.2544
g0030,polymarket,40,0.2265
g0030,kalshi,41,0.2567
g0030,polymarket,41,0.2429
g0030,kalshi,42,0.2487
g0030,polymarket,42,0.2455
g0030,kalshi,43,0.2317
g0030,polymarket,43,0.2394
g0030,kalshi,44,0.1609
g0030,polymarket,44,0.1536
g0030,kalshi,45,0.132
g0030,polymarket,45,0.1096
g0030,kalshi,46,0.1292
g0030,polymarket,46,0.1159
g0030,kalshi,47,0.116
g0030,polymarket,47,0.0824
g0030,kalshi,48,0.1297
g0030,polymarket,48,0.141
g0030,kalshi,49,0.1075
g0030,polymarket,49,0.1154
g0030,kalshi,50,0.0798
g0030,polymarket,50,0.14
g0030,kalshi,51,0.0475
g0030,polymarket,51,0.0344
g0030,kalshi,52,0.0746
g0030,polymarket,52,0.0779
g0030,kalshi,53,0.1183
g0030,polymarket,53,0.1267
g0030,kalshi,54,0.0952
g0030,polymarket,54,0.0901
g0030,kalshi,55,0.1174
g0030,polymarket,55,0.1217
g0030,kalshi,56,0.1386
g0030,polymarket,56,0.1575
g0030,kalshi,57,0.1144
g0030,polymarket,57,0.1009
g0030,kalshi,58,0.0775
g0030,polymarket,58,0.0567
g0030,kalshi,59,0.0652
g0030,polymarket,59,0.0558
g0030,kalshi,60,0.0362
g0030,polymarket,60,0.0321
g0030,kalshi,61,0.03
g0030,polymarket,61,0.03
g0030,kalshi,62,0.0545
g0030,polymarket,62,0.0654
g0030,kalshi,63,0.0446
g0030,polymarket,63,0.058
g0030,kalshi,64,0.0344
g0030,polymarket,64,0.0345
g0030,kalshi,65,0.0491
g0030,polymarket,65,0.0433
g0030,kalshi,66,0.03
g0030,polymarket,66,0.03
g0030,kalshi,67,0.03
g0030,polymarket,67,0.0363
g0030,kalshi,68,0.0554
g0030,polymarket,68,0.0663
g0030,kalshi,69,0.0492
g0030,polymarket,69,0.0538
g0030,kalshi,70,0.0558
g0030,polymarket,70,0.0419
g0030,kalshi,71,0.0697
g0030,polymarket,71,0.0681
g0030,kalshi,72,0.0468
g0030,polymarket,72,0.0411
g0030,kalshi,73,0.03
g0030,polymarket,73,0.03
g0030,kalshi,74,0.03
g0030,polymarket,74,0.03
g0030,kalshi,75,0.0365
g0030,polymarket,75,0.03
g0030,kalshi,76,0.0502
g0030,polymarket,76,0.0429
g0030,kalshi,77,0.0499
g0030,polymarket,77,0.0339
g0030,kalshi,78,0.0668
g0030,polymarket,78,0.0735
g0030,kalshi,79,0.0811
g0030,polymarket,79,0.063
g0031,kalshi,0,0.5063
g0031,polymarket,0,0.4843
g0031,kalshi,1,0.5426
g0031,polymarket,1,0.4971
g0031,kalshi,2,0.5369
g0031,polymarket,2,0.5232
g0031,kalshi,3,0.546
g0031,polymarket,3,0.5378
g0031,kalshi,4,0.5342
g0031,polymarket,4,0.5419
g0031,kalshi,5,0.5469
g0031,polymarket,5,0.5483
g0031,kalshi,6,0.5252
g0031,polymarket,6,0.4913
g0031,kalshi,7,0.5127
g0031,polymarket,7,0.4934
g0031,kalshi,8,0.5058
g0031,polymarket,8,0.5189
g0031,kalshi,9,0.5361
g0031,polymarket,9,0.5273
g0031,kalshi,10,0.5487
g0031,polymarket,10,0.5515
g0031,kalshi,11,0.529
g0031,polymarket,11,0.541
g0031,kalshi,12,0.5546
g0031,polymarket,12,0.5502
g0031,kalshi,13,0.529
g0031,polymarket,13,0.5406
g0031,kalshi,14,0.5027
g0031,polymarket,14,0.4959
g0031,kalshi,15,0.4699
g0031,polymarket,15,0.4752
g0031,kalshi,16,0.5004
g0031,polymarket,16,0.4915
g0031,kalshi,17,0.5103
g0031,polymarket,17,0.4477
g0031,kalshi,18,0.5232
g0031,polymarket,18,0.515
g0031,kalshi,19,0.5499
g0031,polymarket,19,0.5699
g0031,kalshi,20,0.5454
g0031,polymarket,20,0.5463
g0031,kalshi,21,0.5767
g0031,polymarket,21,0.5757
g0031,kalshi,22,0.5784
g0031,polymarket,22,0.561
g0031,kalshi,23,0.6022
g0031,polymarket,23,0.5879
g0031,kalshi,24,0.5825
g0031,polymarket,24,0.585
g0031,kalshi,25,0.5805
g0031,polymarket,25,0.5681
g0031,kalshi,26,0.5764
g0031,polymarket,26,0.5647
g0031,kalshi,27,0.591
g0031,polymarket,27,0.5833
g0031,kalshi,28,0.6027
g0031,polymarket,28,0.5951
g0031,kalshi,29,0.6378
g0031,polymarket,29,0.6364
g0031,kalshi,30,0.6512
g0031,polymarket,30,0.6686
g0031,kalshi,31,0.6516
g0031,polymarket,31,0.5899
g0031,kalshi,32,0.6481
g0031,polymarket,32,0.6525
g0031,kalshi,33,0.6812
g0031,polymarket,33,0.6813
g0031,kalshi,34,0.6431
g0031,polymarket,34,0.6309
g0031,kalshi,35,0.6376
g0031,polymarket,35,0.6454
g0031,kalshi,36,0.6533
g0031,polymarket,36,0.6385
g0031,kalshi,37,0.6283
g0031,polymarket,37,0.627
g0031,kalshi,38,0.6183
g0031,polymarket,38,0.6213
g0031,kalshi,39,0.6465
g0031,polymarket,39,0.6307
g0031,kalshi,40,0.6484
g0031,polymarket,40,0.6389
g0031,kalshi,41,0.6785
g0031,polymarket,41,0.6672
g0031,kalshi,42,0.6744
g0031,polymarket,42,0.6879
g0031,kalshi,43,0.6971
g0031,polymarket,43,0.6772
g0031,kalshi,44,0.7099
g0031,polymarket,44,0.7146
g0031,kalshi,45,0.7105
g0031,polymarket,45,0.7046
g0031,kalshi,46,0.6874
g0031,polymarket,46,0.6887
g0031,kalshi,47,0.6816
g0031,polymarket,47,0.6911
g0031,kalshi,48,0.6691
g0031,polymarket,48,0.6761
g0031,kalshi,49,0.6679
g0031,polymarket,49,0.6696
g0031,kalshi,50,0.7051
g0031,polymarket,50,0.7145
g0031,kalshi,51,0.6992
g0031,polymarket,51,0.6878
g0031,kalshi,52,0.7154
g0031,polymarket,52,0.7084
g0031,kalshi,53,0.7558
g0031,polymarket,53,0.7508
g0031,kalshi,54,0.7566
g0031,polymarket,54,0.7634
g0031,kalshi,55,0.7713
g0031,polymarket,55,0.7672
g0031,kalshi,56,0.7825
g0031,polymarket,56,0.7871
g0031,kalshi,57,0.7963
g0031,polymarket,57,0.7961
g0031,kalshi,58,0.7967
g0031,polymarket,58,0.7924
g0031,kalshi,59,0.7706
g0031,polymarket,59,0.8408
g0031,kalshi,60,0.8112
g0031,polymarket,60,0.8139
g0031,kalshi,61,0.8077
g0031,polymarket,61,0.7996
g0031,kalshi,62,0.835
g0031,polymarket,62,0.8246
g0031,kalshi,63,0.8415
g0031,polymarket,63,0.8508
g0031,kalshi,64,0.8405
g0031,polymarket,64,0.8437
g0031,kalshi,65,0.8198
g0031,polymarket,65,0.8223
g0031,kalshi,66,0.7985
g0031,polymarket,66,0.7864
g0031,kalshi,67,0.7926
g0031,polymarket,67,0.7823
g0031,kalshi,68,0.7929
g0031,polymarket,68,0.7933
g0031,kalshi,69,0.8025
g0031,polymarket,69,0.7965
g0031,kalshi,70,0.8255
g0031,polymarket,70,0.8313
g0031,kalshi,71,0.851
g0031,polymarket,71,0.8442
g0031,kalshi,72,0.8274
g0031,polymarket,72,0.8268
g0031,kalshi,73,0.7893
g0031,polymarket,73,0.7929
g0031,kalshi,74,0.7799
g0031,polymarket,74,0.7865
g0031,kalshi,75,0.8004
g0031,polymarket,75,0.7877
g0031,kalshi,76,0.7854
g0031,polymarket,76,0.7775
g0031,kalshi,77,0.8092
g0031,polymarket,77,0.816
g0031,kalshi,78,0.7675
g0031,polymarket,78,0.7627
g0031,kalshi,79,0.7966
g0031,polymarket,79,0.8057
g0032,kalshi,0,0.4569
g0032,polymarket,0,0.456
g0032,kalshi,1,0.4566
g0032,polymarket,1,0.4594
g0032,kalshi,2,0.4226
g0032,polymarket,2,0.4061
g0032,kalshi,3,0.4075
g0032,polymarket,3,0.4093
g0032,kalshi,4,0.4129
g0032,polymarket,4,0.4174
g0032,kalshi,5,0.4476
g0032,polymarket,5,0.4433
g0032,kalshi,6,0.4589
g0032,polymarket,6,0.5417
g0032,kalshi,7,0.4864
g0032,polymarket,7,0.4785
g0032,kalshi,8,0.4974
g0032,polymarket,8,0.5039
g0032,kalshi,9,0.4698
g0032,polymarket,9,0.5195
g0032,kalshi,10,0.4723
g0032,polymarket,10,0.5174
g0032,kalshi,11,0.5069
g0032,polymarket,11,0.5035
g0032,kalshi,12,0.491
g0032,polymarket,12,0.5001
g0032,kalshi,13,0.5571
g0032,polymarket,13,0.57
g0032,kalshi,14,0.5354
g0032,polymarket,14,0.5347
g0032,kalshi,15,0.5378
g0032,polymarket,15,0.5341
g0032,kalshi,16,0.5249
g0032,polymarket,16,0.5323
g0032,kalshi,17,0.5354
g0032,polymarket,17,0.5326
g0032,kalshi,18,0.5414
g0032,polymarket,18,0.5687
g0032,kalshi,19,0.5512
g0032,polymarket,19,0.6042
g0032,kalshi,20,0.5486
g0032,polymarket,20,0.5518
g0032,kalshi,21,0.5266
g0032,polymarket,21,0.5226
g0032,kalshi,22,0.5372
g0032,polymarket,22,0.494
g0032,kalshi,23,0.5515
g0032,polymarket,23,0.5588
g0032,kalshi,24,0.5786
g0032,polymarket,24,0.5838
g0032,kalshi,25,0.5645
g0032,polymarket,25,0.5622
g0032,kalshi,26,0.6002
g0032,polymarket,26,0.6024
g0032,kalshi,27,0.6167
g0032,polymarket,27,0.6296
g0032,kalshi,28,0.6389
g0032,polymarket,28,0.6348
g0032,kalshi,29,0.644
g0032,polymarket,29,0.6313
g0032,kalshi,30,0.6478
g0032,polymarket,30,0.6338
g0032,kalshi,31,0.6598
g0032,polymarket,31,0.6578
g0032,kalshi,32,0.6799
g0032,polymarket,32,0.6839
g0032,kalshi,33,0.6812
g0032,polymarket,33,0.6799
g0032,kalshi,34,0.6743
g0032,polymarket,34,0.6815
g0032,kalshi,35,0.6708
g0032,polymarket,35,0.6948
g0032,kalshi,36,0.7022
g0032,polymarket,36,0.6936
g0032,kalshi,37,0.7016
g0032,polymarket,37,0.7073
g0032,kalshi,38,0.6932
g0032,polymarket,38,0.6797
g0032,kalshi,39,0.725
g0032,polymarket,39,0.7224
g0032,kalshi,40,0.7503
g0032,polymarket,40,0.7253
g0032,kalshi,41,0.766
g0032,polymarket,41,0.768
g0032,kalshi,42,0.7821
g0032,polymarket,42,0.7958
g0032,kalshi,43,0.79
g0032,polymarket,43,0.7886
g0032,kalshi,44,0.7821
g0032,polymarket,44,0.7683
g0032,kalshi,45,0.7495
g0032,polymarket,45,0.766
g0032,kalshi,46,0.7894
g0032,polymarket,46,0.8055
g0032,kalshi,47,0.7755
g0032,polymarket,47,0.773
g0032,kalshi,48,0.7404
g0032,polymarket,48,0.7461
g0032,kalshi,49,0.7242
g0032,polymarket,49,0.7196
g0032,kalshi,50,0.7337
g0032,polymarket,50,0.7243
g0032,kalshi,51,0.7358
g0032,polymarket,51,0.7302
g0032,kalshi,52,0.7545
g0032,polymarket,52,0.7637
g0032,kalshi,53,0.7377
g0032,polymarket,53,0.7442
g0032,kalshi,54,0.7365
g0032,polymarket,54,0.7283
g0032,kalshi,55,0.699
g0032,polymarket,55,0.7061
g0032,kalshi,56,0.6654
g0032,polymarket,56,0.6804
g0032,kalshi,57,0.6745
g0032,polymarket,57,0.6777
g0032,kalshi,58,0.6662
g0032,polymarket,58,0.6511
g0032,kalshi,59,0.6681
g0032,polymarket,59,0.6522
g0032,kalshi,60,0.6809
g0032,polymarket,60,0.6824
g0032,kalshi,61,0.6858
g0032,polymarket,61,0.6706
g0032,kalshi,62,0.7091
g0032,polymarket,62,0.7095
g0032,kalshi,63,0.709
g0032,polymarket,63,0.7152
g0032,kalshi,64,0.7367
g0032,polymarket,64,0.7385
g0032,kalshi,65,0.7266
g0032,polymarket,65,0.7237
g0032,kalshi,66,0.7451
g0032,polymarket,66,0.7537
g0032,kalshi,67,0.7302
g0032,polymarket,67,0.7237
g0032,kalshi,68,0.7297
g0032,polymarket,68,0.724
g0032,kalshi,69,0.7381
g0032,polymarket,69,0.7364
g0032,kalshi,70,0.7396
g0032,polymarket,70,0.7392
g0032,kalshi,71,0.7503
g0032,polymarket,71,0.7454
g0032,kalshi,72,0.7311
g0032,polymarket,72,0.728
g0032,kalshi,73,0.7106
g0032,polymarket,73,0.7114
g0032,kalshi,74,0.737
g0032,polymarket,74,0.7297
g0032,kalshi,75,0.7035
g0032,polymarket,75,0.686
g0032,kalshi,76,0.6948
g0032,polymarket,76,0.7183
g0032,kalshi,77,0.7038
g0032,polymarket,77,0.7106
g0032,kalshi,78,0.6776
g0032,polymarket,78,0.6794
g0032,kalshi,79,0.6667
g0032,polymarket,79,0.645
g0033,kalshi,0,0.4254
g0033,polymarket,0,0.4211
g0033,kalshi,1,0.428
g0033,polymarket,1,0.4008
g0033,kalshi,2,0.4261
g0033,polymarket,2,0.4206
g0033,kalshi,3,0.4194
g0033,polymarket,3,0.3932
g0033,kalshi,4,0.4316
g0033,polymarket,4,0.4224
g0033,kalshi,5,0.4244
g0033,polymarket,5,0.4331
g0033,kalshi,6,0.4312
g0033,polymarket,6,0.4329
g0033,kalshi,7,0.4913
g0033,polymarket,7,0.4862
g0033,kalshi,8,0.4967
g0033,polymarket,8,0.4985
g0033,kalshi,9,0.4776
g0033,polymarket,9,0.4758
g0033,kalshi,10,0.4807
g0033,polymarket,10,0.4972
g0033,kalshi,11,0.501
g0033,polymarket,11,0.4975
g0033,kalshi,12,0.4926
g0033,polymarket,12,0.4924
g0033,kalshi,13,0.5088
g0033,polymarket,13,0.4933
g0033,kalshi,14,0.5044
g0033,polymarket,14,0.4888
g0033,kalshi,15,0.5224
g0033,polymarket,15,0.5321
g0033,kalshi,16,0.4971
g0033,polymarket,16,0.4778
g0033,kalshi,17,0.5011
g0033,polymarket,17,0.4371
g0033,kalshi,18,0.481
g0033,polymarket,18,0.4883
g0033,kalshi,19,0.4938
g0033,polymarket,19,0.5147
g0033,kalshi,20,0.495
g0033,polymarket,20,0.4822
g0033,kalshi,21,0.4689
g0033,polymarket,21,0.4874
g0033,kalshi,22,0.4849
g0033,polymarket,22,0.477
g0033,kalshi,23,0.5071
g0033,polymarket,23,0.5194
g0033,kalshi,24,0.5049
g0033,polymarket,24,0.5134
g0033,kalshi,25,0.5327
g0033,polymarket,25,0.5305
g0033,kalshi,26,0.513
g0033,polymarket,26,0.5266
g0033,kalshi,27,0.5032
g0033,polymarket,27,0.5007
g0033,kalshi,28,0.545
g0033,polymarket,28,0.5236
g0033,kalshi,29,0.5382
g0033,polymarket,29,0.5521
g0033,kalshi,30,0.5262
g0033,polymarket,30,0.5413
g0033,kalshi,31,0.5174
g0033,polymarket,31,0.5869
g0033,kalshi,32,0.48
g0033,polymarket,32,0.5321
g0033,kalshi,33,0.4757
g0033,polymarket,33,0.4586
g0033,kalshi,34,0.4681
g0033,polymarket,34,0.4545
g0033,kalshi,35,0.4782
g0033,polymarket,35,0.4834
g0033,kalshi,36,0.4569
g0033,polymarket,36,0.4603
g0033,kalshi,37,0.4411
g0033,polymarket,37,0.442
g0033,kalshi,38,0.4472
g0033,polymarket,38,0.4176
g0033,kalshi,39,0.4492
g0033,polymarket,39,0.4432
g0033,kalshi,40,0.4536
g0033,polymarket,40,0.4512
g0033,kalshi,41,0.4524
g0033,polymarket,41,0.446
g0033,kalshi,42,0.4874
g0033,polymarket,42,0.4669
g0033,kalshi,43,0.5006
g0033,polymarket,43,0.5014
g0033,kalshi,44,0.5344
g0033,polymarket,44,0.5395
g0033,kalshi,45,0.5329
g0033,polymarket,45,0.5106
g0033,kalshi,46,0.5471
g0033,polymarket,46,0.5468
g0033,kalshi,47,0.5534
g0033,polymarket,47,0.623
g0033,kalshi,48,0.575
g0033,polymarket,48,0.5946
g0033,kalshi,49,0.5385
g0033,polymarket,49,0.5301
g0033,kalshi,50,0.4833
g0033,polymarket,50,0.4744
g0033,kalshi,51,0.4596
g0033,polymarket,51,0.4531
g0033,kalshi,52,0.4337
g0033,polymarket,52,0.4279
g0033,kalshi,53,0.4326
g0033,polymarket,53,0.441
g0033,kalshi,54,0.409
g0033,polymarket,54,0.4028
g0033,kalshi,55,0.4395
g0033,polymarket,55,0.4384
g0033,kalshi,56,0.3933
g0033,polymarket,56,0.3912
g0033,kalshi,57,0.3869
g0033,polymarket,57,0.3978
g0033,kalshi,58,0.3817
g0033,polymarket,58,0.4088
g0033,kalshi,59,0.3703
g0033,polymarket,59,0.3673
g0033,kalshi,60,0.3982
g0033,polymarket,60,0.3828
g0033,kalshi,61,0.3906
g0033,polymarket,61,0.3855
g0033,kalshi,62,0.4021
g0033,polymarket,62,0.3945
g0033,kalshi,63,0.4031
g0033,polymarket,63,0.4076
g0033,kalshi,64,0.4301
g0033,polymarket,64,0.4188
g0033,kalshi,65,0.4315
g0033,polymarket,65,0.4204
g0033,kalshi,66,0.4162
g0033,polymarket,66,0.412
g0033,kalshi,67,0.418
g0033,polymarket,67,0.4016
g0033,kalshi,68,0.4294
g0033,polymarket,68,0.4199
g0033,kalshi,69,0.4445
g0033,polymarket,69,0.4206
g0033,kalshi,70,0.4286
g0033,polymarket,70,0.4228
g0033,kalshi,71,0.4405
g0033,polymarket,71,0.4683
g0033,kalshi,72,0.4406
g0033,polymarket,72,0.4429
g0033,kalshi,73,0.446
g0033,polymarket,73,0.4433
g0033,kalshi,74,0.469
g0033,polymarket,74,0.4734
g0033,kalshi,75,0.4467
g0033,polymarket,75,0.4416
g0033,kalshi,76,0.4582
g0033,polymarket,76,0.4345
g0033,kalshi,77,0.485
g0033,polymarket,77,0.4794
g0033,kalshi,78,0.5139
g0033,polymarket,78,0.5244
g0033,kalshi,79,0.4966
g0033,polymarket,79,0.4349
g0034,kalshi,0,0.4091
g0034,polymarket,0,0.4034
g0034,kalshi,1,0.4037
g0034,polymarket,1,0.3935
g0034,kalshi,2,0.3961
g0034,polymarket,2,0.3982
g0034,kalshi,3,0.4274
g0034,polymarket,3,0.4156
g0034,kalshi,4,0.4111
g0034,polymarket,4,0.411
g0034,kalshi,5,0.4083
g0034,polymarket,5,0.4067
g0034,kalshi,6,0.411
g0034,polymarket,6,0.4346
g0034,kalshi,7,0.4083
g0034,polymarket,7,0.4
g0034,kalshi,8,0.4386
g0034,polymarket,8,0.4633
g0034,kalshi,9,0.4602
g0034,polymarket,9,0.4633
g0034,kalshi,10,0.4342
g0034,polymarket,10,0.4363
g0034,kalshi,11,0.4146
g0034,polymarket,11,0.4224
g0034,kalshi,12,0.4067
g0034,polymarket,12,0.4069
g0034,kalshi,13,0.4225
g0034,polymarket,13,0.4706
g0034,kalshi,14,0.4164
g0034,polymarket,14,0.3951
g0034,kalshi,15,0.4018
g0034,polymarket,15,0.4039
g0034,kalshi,16,0.3885
g0034,polymarket,16,0.3856
g0034,kalshi,17,0.3837
g0034,polymarket,17,0.3862
g0034,kalshi,18,0.3907
g0034,polymarket,18,0.3957
g0034,kalshi,19,0.3867
g0034,polymarket,19,0.4017
g0034,kalshi,20,0.3614
g0034,polymarket,20,0.4135
g0034,kalshi,21,0.388
g0034,polymarket,21,0.4023
g0034,kalshi,22,0.419
g0034,polymarket,22,0.4287
g0034,kalshi,23,0.4406
g0034,polymarket,23,0.4289
g0034,kalshi,24,0.4329
g0034,polymarket,24,0.4434
g0034,kalshi,25,0.439
g0034,polymarket,25,0.4395
g0034,kalshi,26,0.4657
g0034,polymarket,26,0.4771
g0034,kalshi,27,0.4392
g0034,polymarket,27,0.4402
g0034,kalshi,28,0.4466
g0034,polymarket,28,0.4502
g0034,kalshi,29,0.4216
g0034,polymarket,29,0.4162
g0034,kalshi,30,0.4043
g0034,polymarket,30,0.3877
g0034,kalshi,31,0.432
g0034,polymarket,31,0.4439
g0034,kalshi,32,0.4273
g0034,polymarket,32,0.4432
g0034,kalshi,33,0.3928
g0034,polymarket,33,0.4512
g0034,kalshi,34,0.3806
g0034,polymarket,34,0.3927
g0034,kalshi,35,0.3841
g0034,polymarket,35,0.3939
g0034,kalshi,36,0.396
g0034,polymarket,36,0.4008
g0034,kalshi,37,0.4047
g0034,polymarket,37,0.419
g0034,kalshi,38,0.4271
g0034,polymarket,38,0.5022
g0034,kalshi,39,0.4328
g0034,polymarket,39,0.4347
g0034,kalshi,40,0.4604
g0034,polymarket,40,0.4605
g0034,kalshi,41,0.4421
g0034,polymarket,41,0.4417
g0034,kalshi,42,0.4378
g0034,polymarket,42,0.4346
g0034,kalshi,43,0.4331
g0034,polymarket,43,0.444
g0034,kalshi,44,0.4129
g0034,polymarket,44,0.422
g0034,kalshi,45,0.4152
g0034,polymarket,45,0.414
g0034,kalshi,46,0.4303
g0034,polymarket,46,0.4375
g0034,kalshi,47,0.4329
g0034,polymarket,47,0.4021
g0034,kalshi,48,0.4644
g0034,polymarket,48,0.4701
g0034,kalshi,49,0.4684
g0034,polymarket,49,0.4553
g0034,kalshi,50,0.4747
g0034,polymarket,50,0.4804
g0034,kalshi,51,0.4753
g0034,polymarket,51,0.5148
g0034,kalshi,52,0.4783
g0034,polymarket,52,0.4627
g0034,kalshi,53,0.4823
g0034,polymarket,53,0.4972
g0034,kalshi,54,0.4712
g0034,polymarket,54,0.4762
g0034,kalshi,55,0.4841
g0034,polymarket,55,0.4889
g0034,kalshi,56,0.5025
g0034,polymarket,56,0.5043
g0034,kalshi,57,0.5069
g0034,polymarket,57,0.5138
g0034,kalshi,58,0.4736
g0034,polymarket,58,0.4779
g0034,kalshi,59,0.4684
g0034,polymarket,59,0.4609
g0034,kalshi,60,0.4736
g0034,polymarket,60,0.4617
g0034,kalshi,61,0.4658
g0034,polymarket,61,0.4773
g0034,kalshi,62,0.4986
g0034,polymarket,62,0.5011
g0034,kalshi,63,0.5048
g0034,polymarket,63,0.5175
g0034,kalshi,64,0.505
g0034,polymarket,64,0.4735
g0034,kalshi,65,0.4894
g0034,polymarket,65,0.5512
g0034,kalshi,66,0.5094
g0034,polymarket,66,0.4997
g0034,kalshi,67,0.5297
g0034,polymarket,67,0.5366
g0034,kalshi,68,0.5238
g0034,polymarket,68,0.5262
g0034,kalshi,69,0.5143
g0034,polymarket,69,0.5045
g0034,kalshi,70,0.484
g0034,polymarket,70,0.4743
g0034,kalshi,71,0.4872
g0034,polymarket,71,0.4806
g0034,kalshi,72,0.4804
g0034,polymarket,72,0.4794
g0034,kalshi,73,0.5014
g0034,polymarket,73,0.5121
g0034,kalshi,74,0.4583
g0034,polymarket,74,0.4508
g0034,kalshi,75,0.4317
g0034,polymarket,75,0.4138
g0034,kalshi,76,0.4434
g0034,polymarket,76,0.4333
g0034,kalshi,77,0.4211
g0034,polymarket,77,0.4112
g0034,kalshi,78,0.4206
g0034,polymarket,78,0.4193
g0034,kalshi,79,0.4029
g0034,polymarket,79,0.4085
g0035,kalshi,0,0.576
g0035,polymarket,0,0.5621
g0035,kalshi,1,0.577
g0035,polymarket,1,0.5908
g0035,kalshi,2,0.5836
g0035,polymarket,2,0.5758
g0035,kalshi,3,0.5832
g0035,polymarket,3,0.5785
g0035,kalshi,4,0.6056
g0035,polymarket,4,0.6083
g0035,kalshi,5,0.5996
g0035,polymarket,5,0.6144
g0035,kalshi,6,0.5733
g0035,polymarket,6,0.5678
g0035,kalshi,7,0.5604
g0035,polymarket,7,0.5549
g0035,kalshi,8,0.6098
g0035,polymarket,8,0.5862
g0035,kalshi,9,0.6107
g0035,polymarket,9,0.5935
g0035,kalshi,10,0.6186
g0035,polymarket,10,0.6228
g0035,kalshi,11,0.6096
g0035,polymarket,11,0.6
g0035,kalshi,12,0.6077
g0035,polymarket,12,0.6071
g0035,kalshi,13,0.6237
g0035,polymarket,13,0.6373
g0035,kalshi,14,0.6147
g0035,polymarket,14,0.6105
g0035,kalshi,15,0.6042
g0035,polymarket,15,0.6025
g0035,kalshi,16,0.587
g0035,polymarket,16,0.5617
g0035,kalshi,17,0.5935
g0035,polymarket,17,0.6268
g0035,kalshi,18,0.575
g0035,polymarket,18,0.5878
g0035,kalshi,19,0.5555
g0035,polymarket,19,0.5555
g0035,kalshi,20,0.555
g0035,polymarket,20,0.563
g0035,kalshi,21,0.5506
g0035,polymarket,21,0.5425
g0035,kalshi,22,0.5467
g0035,polymarket,22,0.5423
g0035,kalshi,23,0.5228
g0035,polymarket,23,0.5198
g0035,kalshi,24,0.5141
g0035,polymarket,24,0.5151
g0035,kalshi,25,0.5095
g0035,polymarket,25,0.4913
g0035,kalshi,26,0.4842
g0035,polymarket,26,0.495
g0035,kalshi,27,0.5142
g0035,polymarket,27,0.5608
g0035,kalshi,28,0.5092
g0035,polymarket,28,0.571
g0035,kalshi,29,0.5277
g0035,polymarket,29,0.541
g0035,kalshi,30,0.494
g0035,polymarket,30,0.497
g0035,kalshi,31,0.4754
g0035,polymarket,31,0.4555
g0035,kalshi,32,0.4553
g0035,polymarket,32,0.4557
g0035,kalshi,33,0.4369
g0035,polymarket,33,0.4593
g0035,kalshi,34,0.4325
g0035,polymarket,34,0.4469
g0035,kalshi,35,0.4257
g0035,polymarket,35,0.4131
g0035,kalshi,36,0.432
g0035,polymarket,36,0.4449
g0035,kalshi,37,0.4423
g0035,polymarket,37,0.4416
g0035,kalshi,38,0.4794
g0035,polymarket,38,0.4721
g0035,kalshi,39,0.4758
g0035,polymarket,39,0.4765
g0035,kalshi,40,0.4668
g0035,polymarket,40,0.475
g0035,kalshi,41,0.4795
g0035,polymarket,41,0.4848
g0035,kalshi,42,0.4775
g0035,polymarket,42,0.4718
g0035,kalshi,43,0.5071
g0035,polymarket,43,0.5109
g0035,kalshi,44,0.5044
g0035,polymarket,44,0.4922
g0035,kalshi,45,0.509
g0035,polymarket,45,0.4919
g0035,kalshi,46,0.5027
g0035,polymarket,46,0.5074
g0035,kalshi,47,0.4861
g0035,polymarket,47,0.4841
g0035,kalshi,48,0.4915
g0035,polymarket,48,0.4708
g0035,kalshi,49,0.4554
g0035,polymarket,49,0.4625
g0035,kalshi,50,0.4438
g0035,polymarket,50,0.4217
g0035,kalshi,51,0.4354
g0035,polymarket,51,0.4162
g0035,kalshi,52,0.4189
g0035,polymarket,52,0.4397
g0035,kalshi,53,0.4533
g0035,polymarket,53,0.4699
g0035,kalshi,54,0.4622
g0035,polymarket,54,0.4534
g0035,kalshi,55,0.4334
g0035,polymarket,55,0.452
g0035,kalshi,56,0.4144
g0035,polymarket,56,0.4767
g0035,kalshi,57,0.4031
g0035,polymarket,57,0.3967
g0035,kalshi,58,0.4049
g0035,polymarket,58,0.3864
g0035,kalshi,59,0.4122
g0035,polymarket,59,0.4092
g0035,kalshi,60,0.4036
g0035,polymarket,60,0.4164
g0035,kalshi,61,0.3996
g0035,polymarket,61,0.4219
g0035,kalshi,62,0.3887
g0035,polymarket,62,0.4082
g0035,kalshi,63,0.3876
g0035,polymarket,63,0.3841
g0035,kalshi,64,0.3992
g0035,polymarket,64,0.3959
g0035,kalshi,65,0.376
g0035,polymarket,65,0.3858
g0035,kalshi,66,0.4053
g0035,polymarket,66,0.4093
g0035,kalshi,67,0.379
g0035,polymarket,67,0.3829
g0035,kalshi,68,0.3603
g0035,polymarket,68,0.3448
g0035,kalshi,69,0.3511
g0035,polymarket,69,0.3353
g0035,kalshi,70,0.356
g0035,polymarket,70,0.3639
g0035,kalshi,71,0.3521
g0035,polymarket,71,0.3057
g0035,kalshi,72,0.3508
g0035,polymarket,72,0.409
g0035,kalshi,73,0.3537
g0035,polymarket,73,0.3468
g0035,kalshi,74,0.3132
g0035,polymarket,74,0.3347
g0035,kalshi,75,0.2799
g0035,polymarket,75,0.2756
g0035,kalshi,76,0.2752
g0035,polymarket,76,0.2957
g0035,kalshi,77,0.2785
g0035,polymarket,77,0.2694
g0035,kalshi,78,0.2706
g0035,polymarket,78,0.2616
g0035,kalshi,79,0.2597
g0035,polymarket,79,0.2515
g0036,kalshi,0,0.619
g0036,polymarket,0,0.632
g0036,kalshi,1,0.6242
g0036,polymarket,1,0.6199
g0036,kalshi,2,0.646
g0036,polymarket,2,0.6335
g0036,kalshi,3,0.6525
g0036,polymarket,3,0.6667
g0036,kalshi,4,0.652
g0036,polymarket,4,0.6494
g0036,kalshi,5,0.6615
g0036,polymarket,5,0.6618
g0036,kalshi,6,0.6436
g0036,polymarket,6,0.6453
g0036,kalshi,7,0.6275
g0036,polymarket,7,0.6349
g0036,kalshi,8,0.6282
g0036,polymarket,8,0.6321
g0036,kalshi,9,0.6751
g0036,polymarket,9,0.6768
g0036,kalshi,10,0.6878
g0036,polymarket,10,0.6631
g0036,kalshi,11,0.7175
g0036,polymarket,11,0.7645
g0036,kalshi,12,0.7166
g0036,polymarket,12,0.7208
g0036,kalshi,13,0.6529
g0036,polymarket,13,0.6721
g0036,kalshi,14,0.6458
g0036,polymarket,14,0.6389
g0036,kalshi,15,0.6491
g0036,polymarket,15,0.6618
g0036,kalshi,16,0.6512
g0036,polymarket,16,0.7346
g0036,kalshi,17,0.6369
g0036,polymarket,17,0.6185
g0036,kalshi,18,0.6365
g0036,polymarket,18,0.6314
g0036,kalshi,19,0.6495
g0036,polymarket,19,0.6612
g0036,kalshi,20,0.6369
g0036,polymarket,20,0.6378
g0036,kalshi,21,0.6248
g0036,polymarket,21,0.6258
g0036,kalshi,22,0.5841
g0036,polymarket,22,0.579
g0036,kalshi,23,0.6142
g0036,polymarket,23,0.6166
g0036,kalshi,24,0.6111
g0036,polymarket,24,0.6114
g0036,kalshi,25,0.622
g0036,polymarket,25,0.6295
g0036,kalshi,26,0.6134
g0036,polymarket,26,0.6056
g0036,kalshi,27,0.6167
g0036,polymarket,27,0.6091
g0036,kalshi,28,0.5901
g0036,polymarket,28,0.5949
g0036,kalshi,29,0.5701
g0036,polymarket,29,0.5749
g0036,kalshi,30,0.5689
g0036,polymarket,30,0.5718
g0036,kalshi,31,0.5336
g0036,polymarket,31,0.5365
g0036,kalshi,32,0.5336
g0036,polymarket,32,0.5359
g0036,kalshi,33,0.5499
g0036,polymarket,33,0.5636
g0036,kalshi,34,0.5046
g0036,polymarket,34,0.4995
g0036,kalshi,35,0.4686
g0036,polymarket,35,0.4565
g0036,kalshi,36,0.4898
g0036,polymarket,36,0.4957
g0036,kalshi,37,0.4954
g0036,polymarket,37,0.4907
g0036,kalshi,38,0.4589
g0036,polymarket,38,0.4622
g0036,kalshi,39,0.4771
g0036,polymarket,39,0.4814
g0036,kalshi,40,0.4924
g0036,polymarket,40,0.4858
g0036,kalshi,41,0.5111
g0036,polymarket,41,0.5043
g0036,kalshi,42,0.4963
g0036,polymarket,42,0.509
g0036,kalshi,43,0.4731
g0036,polymarket,43,0.4882
g0036,kalshi,44,0.4676
g0036,polymarket,44,0.4703
g0036,kalshi,45,0.4674
g0036,polymarket,45,0.4611
g0036,kalshi,46,0.4665
g0036,polymarket,46,0.3985
g0036,kalshi,47,0.4407
g0036,polymarket,47,0.4496
g0036,kalshi,48,0.4753
g0036,polymarket,48,0.4581
g0036,kalshi,49,0.4349
g0036,polymarket,49,0.4353
g0036,kalshi,50,0.4208
g0036,polymarket,50,0.4318
g0036,kalshi,51,0.3772
g0036,polymarket,51,0.3855
g0036,kalshi,52,0.3603
g0036,polymarket,52,0.305
g0036,kalshi,53,0.3708
g0036,polymarket,53,0.3517
g0036,kalshi,54,0.3811
g0036,polymarket,54,0.3874
g0036,kalshi,55,0.3867
g0036,polymarket,55,0.3833
g0036,kalshi,56,0.388
g0036,polymarket,56,0.4034
g0036,kalshi,57,0.3879
g0036,polymarket,57,0.3801
g0036,kalshi,58,0.3319
g0036,polymarket,58,0.3288
g0036,kalshi,59,0.3301
g0036,polymarket,59,0.3191
g0036,kalshi,60,0.3449
g0036,polymarket,60,0.3458
g0036,kalshi,61,0.3602
g0036,polymarket,61,0.3799
g0036,kalshi,62,0.3802
g0036,polymarket,62,0.3739
g0036,kalshi,63,0.3664
g0036,polymarket,63,0.3745
g0036,kalshi,64,0.3486
g0036,polymarket,64,0.3616
g0036,kalshi,65,0.3445
g0036,polymarket,65,0.344
g0036,kalshi,66,0.3121
g0036,polymarket,66,0.3063
g0036,kalshi,67,0.3196
g0036,polymarket,67,0.325
g0036,kalshi,68,0.3063
g0036,polymarket,68,0.3035
g0036,kalshi,69,0.3211
g0036,polymarket,69,0.3232
g0036,kalshi,70,0.3433
g0036,polymarket,70,0.3453
g0036,kalshi,71,0.3785
g0036,polymarket,71,0.4404
g0036,kalshi,72,0.3779
g0036,polymarket,72,0.3959
g0036,kalshi,73,0.3565
g0036,polymarket,73,0.3392
g0036,kalshi,74,0.3162
g0036,polymarket,74,0.3233
g0036,kalshi,75,0.3321
g0036,polymarket,75,0.3338
g0036,kalshi,76,0.3519
g0036,polymarket,76,0.3666
g0036,kalshi,77,0.353
g0036,polymarket,77,0.3568
g0036,kalshi,78,0.3937
g0036,polymarket,78,0.3952
g0036,kalshi,79,0.3727
g0036,polymarket,79,0.3592
g0037,kalshi,0,0.5314
g0037,polymarket,0,0.5036
g0037,kalshi,1,0.5361
g0037,polymarket,1,0.5276
g0037,kalshi,2,0.5088
g0037,polymarket,2,0.5164
g0037,kalshi,3,0.5214
g0037,polymarket,3,0.5348
g0037,kalshi,4,0.5424
g0037,polymarket,4,0.5342
g0037,kalshi,5,0.5437
g0037,polymarket,5,0.5558
g0037,kalshi,6,0.5576
g0037,polymarket,6,0.5655
g0037,kalshi,7,0.5489
g0037,polymarket,7,0.5589
g0037,kalshi,8,0.5761
g0037,polymarket,8,0.5875
g0037,kalshi,9,0.5795
g0037,polymarket,9,0.5929
g0037,kalshi,10,0.5628
g0037,polymarket,10,0.5593
g0037,kalshi,11,0.5561
g0037,polymarket,11,0.501
g0037,kalshi,12,0.5882
g0037,polymarket,12,0.5969
g0037,kalshi,13,0.603
g0037,polymarket,13,0.6133
g0037,kalshi,14,0.5959
g0037,polymarket,14,0.6081
g0037,kalshi,15,0.583
g0037,polymarket,15,0.5759
g0037,kalshi,16,0.6283
g0037,polymarket,16,0.6428
g0037,kalshi,17,0.6209
g0037,polymarket,17,0.6208
g0037,kalshi,18,0.6218
g0037,polymarket,18,0.615
g0037,kalshi,19,0.5999
g0037,polymarket,19,0.5309
g0037,kalshi,20,0.5924
g0037,polymarket,20,0.5968
g0037,kalshi,21,0.6181
g0037,polymarket,21,0.6258
g0037,kalshi,22,0.6464
g0037,polymarket,22,0.6387
g0037,kalshi,23,0.6678
g0037,polymarket,23,0.7535
g0037,kalshi,24,0.6464
g0037,polymarket,24,0.6529
g0037,kalshi,25,0.6576
g0037,polymarket,25,0.6504
g0037,kalshi,26,0.6279
g0037,polymarket,26,0.6425
g0037,kalshi,27,0.6375
g0037,polymarket,27,0.6558
g0037,kalshi,28,0.65
g0037,polymarket,28,0.6692
g0037,kalshi,29,0.6567
g0037,polymarket,29,0.6526
g0037,kalshi,30,0.6767
g0037,polymarket,30,0.6775
g0037,kalshi,31,0.642
g0037,polymarket,31,0.6466
g0037,kalshi,32,0.6483
g0037,polymarket,32,0.6385
g0037,kalshi,33,0.6698
g0037,polymarket,33,0.7397
g0037,kalshi,34,0.6883
g0037,polymarket,34,0.6745
g0037,kalshi,35,0.6857
g0037,polymarket,35,0.6876
g0037,kalshi,36,0.6697
g0037,polymarket,36,0.663
g0037,kalshi,37,0.6714
g0037,polymarket,37,0.6699
g0037,kalshi,38,0.6597
g0037,polymarket,38,0.6576
g0037,kalshi,39,0.6627
g0037,polymarket,39,0.6548
g0037,kalshi,40,0.6343
g0037,polymarket,40,0.6405
g0037,kalshi,41,0.6685
g0037,polymarket,41,0.6436
g0037,kalshi,42,0.6652
g0037,polymarket,42,0.6541
g0037,kalshi,43,0.6591
g0037,polymarket,43,0.6918
g0037,kalshi,44,0.6499
g0037,polymarket,44,0.6563
g0037,kalshi,45,0.6535
g0037,polymarket,45,0.6566
g0037,kalshi,46,0.645
g0037,polymarket,46,0.6519
g0037,kalshi,47,0.6405
g0037,polymarket,47,0.6396
g0037,kalshi,48,0.6719
g0037,polymarket,48,0.6902
g0037,kalshi,49,0.6512
g0037,polymarket,49,0.6612
g0037,kalshi,50,0.6205
g0037,polymarket,50,0.62
g0037,kalshi,51,0.6052
g0037,polymarket,51,0.6211
g0037,kalshi,52,0.6102
g0037,polymarket,52,0.6018
g0037,kalshi,53,0.5913
g0037,polymarket,53,0.5837
g0037,kalshi,54,0.5941
g0037,polymarket,54,0.6034
g0037,kalshi,55,0.5709
g0037,polymarket,55,0.6076
g0037,kalshi,56,0.5616
g0037,polymarket,56,0.5516
g0037,kalshi,57,0.5897
g0037,polymarket,57,0.5809
g0037,kalshi,58,0.588
g0037,polymarket,58,0.5647
g0037,kalshi,59,0.5766
g0037,polymarket,59,0.5852
g0037,kalshi,60,0.5991
g0037,polymarket,60,0.6149
g0037,kalshi,61,0.6045
g0037,polymarket,61,0.5877
g0037,kalshi,62,0.6235
g0037,polymarket,62,0.6162
g0037,kalshi,63,0.6133
g0037,polymarket,63,0.6108
g0037,kalshi,64,0.6446
g0037,polymarket,64,0.6498
g0037,kalshi,65,0.6385
g0037,polymarket,65,0.6442
g0037,kalshi,66,0.662
g0037,polymarket,66,0.6658
g0037,kalshi,67,0.6867
g0037,polymarket,67,0.6942
g0037,kalshi,68,0.6488
g0037,polymarket,68,0.638
g0037,kalshi,69,0.6286
g0037,polymarket,69,0.6267
g0037,kalshi,70,0.632
g0037,polymarket,70,0.6479
g0037,kalshi,71,0.6482
g0037,polymarket,71,0.641
g0037,kalshi,72,0.6139
g0037,polymarket,72,0.6307
g0037,kalshi,73,0.6121
g0037,polymarket,73,0.6761
g0037,kalshi,74,0.5626
g0037,polymarket,74,0.5686
g0037,kalshi,75,0.5331
g0037,polymarket,75,0.5363
g0037,kalshi,76,0.543
g0037,polymarket,76,0.5608
g0037,kalshi,77,0.5442
g0037,polymarket,77,0.5314
g0037,kalshi,78,0.519
g0037,polymarket,78,0.5405
g0037,kalshi,79,0.5196
g0037,polymarket,79,0.5254
g0038,kalshi,0,0.512
g0038,polymarket,0,0.4949
g0038,kalshi,1,0.518
g0038,polymarket,1,0.5374
g0038,kalshi,2,0.5053
g0038,polymarket,2,0.5016
g0038,kalshi,3,0.4981
g0038,polymarket,3,0.4923
g0038,kalshi,4,0.4824
g0038,polymarket,4,0.4848
g0038,kalshi,5,0.4724
g0038,polymarket,5,0.4642
g0038,kalshi,6,0.4592
g0038,polymarket,6,0.4553
g0038,kalshi,7,0.4717
g0038,polymarket,7,0.4773
g0038,kalshi,8,0.4689
g0038,polymarket,8,0.4807
g0038,kalshi,9,0.4646
g0038,polymarket,9,0.4592
g0038,kalshi,10,0.4461
g0038,polymarket,10,0.4336
g0038,kalshi,11,0.4791
g0038,polymarket,11,0.4834
g0038,kalshi,12,0.48
g0038,polymarket,12,0.4775
g0038,kalshi,13,0.4569
g0038,polymarket,13,0.4788
g0038,kalshi,14,0.4774
g0038,polymarket,14,0.4658
g0038,kalshi,15,0.4879
g0038,polymarket,15,0.4993
g0038,kalshi,16,0.5298
g0038,polymarket,16,0.5135
g0038,kalshi,17,0.5274
g0038,polymarket,17,0.5152
g0038,kalshi,18,0.5226
g0038,polymarket,18,0.5267
g0038,kalshi,19,0.4683
g0038,polymarket,19,0.4646
g0038,kalshi,20,0.5051
g0038,polymarket,20,0.506
g0038,kalshi,21,0.5053
g0038,polymarket,21,0.5078
g0038,kalshi,22,0.4805
g0038,polymarket,22,0.4977
g0038,kalshi,23,0.4422
g0038,polymarket,23,0.4423
g0038,kalshi,24,0.4507
g0038,polymarket,24,0.4644
g0038,kalshi,25,0.4377
g0038,polymarket,25,0.3612
g0038,kalshi,26,0.471
g0038,polymarket,26,0.4788
g0038,kalshi,27,0.4727
g0038,polymarket,27,0.4796
g0038,kalshi,28,0.4685
g0038,polymarket,28,0.4726
g0038,kalshi,29,0.4778
g0038,polymarket,29,0.4775
g0038,kalshi,30,0.4616
g0038,polymarket,30,0.467
g0038,kalshi,31,0.4294
g0038,polymarket,31,0.4929
g0038,kalshi,32,0.3926
g0038,polymarket,32,0.4049
g0038,kalshi,33,0.3919
g0038,polymarket,33,0.4002
g0038,kalshi,34,0.4038
g0038,polymarket,34,0.3919
g0038,kalshi,35,0.3953
g0038,polymarket,35,0.3877
g0038,kalshi,36,0.3999
g0038,polymarket,36,0.4079
g0038,kalshi,37,0.3743
g0038,polymarket,37,0.3687
g0038,kalshi,38,0.3956
g0038,polymarket,38,0.3291
g0038,kalshi,39,0.3961
g0038,polymarket,39,0.4013
g0038,kalshi,40,0.408
g0038,polymarket,40,0.435
g0038,kalshi,41,0.3912
g0038,polymarket,41,0.3791
g0038,kalshi,42,0.3762
g0038,polymarket,42,0.3851
g0038,kalshi,43,0.3854
g0038,polymarket,43,0.3925
g0038,kalshi,44,0.4202
g0038,polymarket,44,0.4213
g0038,kalshi,45,0.3879
g0038,polymarket,45,0.3724
g0038,kalshi,46,0.3758
g0038,polymarket,46,0.3692
g0038,kalshi,47,0.3497
g0038,polymarket,47,0.3612
g0038,kalshi,48,0.3688
g0038,polymarket,48,0.3493
g0038,kalshi,49,0.3844
g0038,polymarket,49,0.385
g0038,kalshi,50,0.4058
g0038,polymarket,50,0.4088
g0038,kalshi,51,0.401
g0038,polymarket,51,0.3849
g0038,kalshi,52,0.3662
g0038,polymarket,52,0.3913
g0038,kalshi,53,0.3559
g0038,polymarket,53,0.3731
g0038,kalshi,54,0.3568
g0038,polymarket,54,0.3378
g0038,kalshi,55,0.3546
g0038,polymarket,55,0.3616
g0038,kalshi,56,0.336
g0038,polymarket,56,0.3276
g0038,kalshi,57,0.3552
g0038,polymarket,57,0.3504
g0038,kalshi,58,0.3404
g0038,polymarket,58,0.3309
g0038,kalshi,59,0.3503
g0038,polymarket,59,0.3394
g0038,kalshi,60,0.3492
g0038,polymarket,60,0.3484
g0038,kalshi,61,0.2965
g0038,polymarket,61,0.3068
g0038,kalshi,62,0.309
g0038,polymarket,62,0.3132
g0038,kalshi,63,0.3382
g0038,polymarket,63,0.3186
g0038,kalshi,64,0.3362
g0038,polymarket,64,0.28
g0038,kalshi,65,0.3085
g0038,polymarket,65,0.308
g0038,kalshi,66,0.3003
g0038,polymarket,66,0.3517
g0038,kalshi,67,0.302
g0038,polymarket,67,0.3084
g0038,kalshi,68,0.2993
g0038,polymarket,68,0.3067
g0038,kalshi,69,0.2653
g0038,polymarket,69,0.2778
g0038,kalshi,70,0.2752
g0038,polymarket,70,0.2551
g0038,kalshi,71,0.2953
g0038,polymarket,71,0.2872
g0038,kalshi,72,0.292
g0038,polymarket,72,0.2969
g0038,kalshi,73,0.2679
g0038,polymarket,73,0.2696
g0038,kalshi,74,0.2608
g0038,polymarket,74,0.2691
g0038,kalshi,75,0.2609
g0038,polymarket,75,0.2517
g0038,kalshi,76,0.2744
g0038,polymarket,76,0.2724
g0038,kalshi,77,0.2638
g0038,polymarket,77,0.2658
g0038,kalshi,78,0.2515
g0038,polymarket,78,0.2396
g0038,kalshi,79,0.2461
g0038,polymarket,79,0.237
g0039,kalshi,0,0.4632
g0039,polymarket,0,0.4594
g0039,kalshi,1,0.4746
g0039,polymarket,1,0.4844
g0039,kalshi,2,0.4841
g0039,polymarket,2,0.4876
g0039,kalshi,3,0.5203
g0039,polymarket,3,0.5329
g0039,kalshi,4,0.5557
g0039,polymarket,4,0.5605
g0039,kalshi,5,0.5623
g0039,polymarket,5,0.5514
g0039,kalshi,6,0.5717
g0039,polymarket,6,0.5716
g0039,kalshi,7,0.5418
g0039,polymarket,7,0.5409
g0039,kalshi,8,0.5071
g0039,polymarket,8,0.5108
g0039,kalshi,9,0.508
g0039,polymarket,9,0.515
g0039,kalshi,10,0.5382
g0039,polymarket,10,0.5352
g0039,kalshi,11,0.5147
g0039,polymarket,11,0.5238
g0039,kalshi,12,0.5115
g0039,polymarket,12,0.5174
g0039,kalshi,13,0.4989
g0039,polymarket,13,0.496
g0039,kalshi,14,0.4907
g0039,polymarket,14,0.4887
g0039,kalshi,15,0.5267
g0039,polymarket,15,0.5158
g0039,kalshi,16,0.4954
g0039,polymarket,16,0.5543
g0039,kalshi,17,0.4801
g0039,polymarket,17,0.4744
g0039,kalshi,18,0.4896
g0039,polymarket,18,0.4818
g0039,kalshi,19,0.4919
g0039,polymarket,19,0.4938
g0039,kalshi,20,0.5205
g0039,polymarket,20,0.5286
g0039,kalshi,21,0.5199
g0039,polymarket,21,0.5084
g0039,kalshi,22,0.4774
g0039,polymarket,22,0.4786
g0039,kalshi,23,0.4815
g0039,polymarket,23,0.4603
g0039,kalshi,24,0.4854
g0039,polymarket,24,0.4943
g0039,kalshi,25,0.4618
g0039,polymarket,25,0.4709
g0039,kalshi,26,0.4778
g0039,polymarket,26,0.4856
g0039,kalshi,27,0.5187
g0039,polymarket,27,0.5068
g0039,kalshi,28,0.4846
g0039,polymarket,28,0.4798
g0039,kalshi,29,0.4603
g0039,polymarket,29,0.4478
g0039,kalshi,30,0.4213
g0039,polymarket,30,0.4192
g0039,kalshi,31,0.4001
g0039,polymarket,31,0.3925
g0039,kalshi,32,0.4219
g0039,polymarket,32,0.4201
g0039,kalshi,33,0.3835
g0039,polymarket,33,0.3933
g0039,kalshi,34,0.3738
g0039,polymarket,34,0.368
g0039,kalshi,35,0.3467
g0039,polymarket,35,0.3511
g0039,kalshi,36,0.335
g0039,polymarket,36,0.2718
g0039,kalshi,37,0.3351
g0039,polymarket,37,0.3401
g0039,kalshi,38,0.3146
g0039,polymarket,38,0.2922
g0039,kalshi,39,0.3256
g0039,polymarket,39,0.337
g0039,kalshi,40,0.3456
g0039,polymarket,40,0.3446
g0039,kalshi,41,0.3852
g0039,polymarket,41,0.389
g0039,kalshi,42,0.3688
g0039,polymarket,42,0.3925
g0039,kalshi,43,0.3556
g0039,polymarket,43,0.2802
g0039,kalshi,44,0.3495
g0039,polymarket,44,0.368
g0039,kalshi,45,0.336
g0039,polymarket,45,0.342
g0039,kalshi,46,0.3575
g0039,polymarket,46,0.3399
g0039,kalshi,47,0.3953
g0039,polymarket,47,0.4036
g0039,kalshi,48,0.3996
g0039,polymarket,48,0.4079
g0039,kalshi,49,0.3903
g0039,polymarket,49,0.3963
g0039,kalshi,50,0.4001
g0039,polymarket,50,0.3973
g0039,kalshi,51,0.3927
g0039,polymarket,51,0.3775
g0039,kalshi,52,0.3677
g0039,polymarket,52,0.3608
g0039,kalshi,53,0.3441
g0039,polymarket,53,0.3391
g0039,kalshi,54,0.3599
g0039,polymarket,54,0.3764
g0039,kalshi,55,0.3669
g0039,polymarket,55,0.3677
g0039,kalshi,56,0.361
g0039,polymarket,56,0.3688
g0039,kalshi,57,0.3432
g0039,polymarket,57,0.265
g0039,kalshi,58,0.3264
g0039,polymarket,58,0.3138
g0039,kalshi,59,0.3146
g0039,polymarket,59,0.3207
g0039,kalshi,60,0.3388
g0039,polymarket,60,0.3427
g0039,kalshi,61,0.3333
g0039,polymarket,61,0.3661
g0039,kalshi,62,0.3362
g0039,polymarket,62,0.3387
g0039,kalshi,63,0.3581
g0039,polymarket,63,0.3697
g0039,kalshi,64,0.3489
g0039,polymarket,64,0.3646
g0039,kalshi,65,0.3545
g0039,polymarket,65,0.343
g0039,kalshi,66,0.3701
g0039,polymarket,66,0.385
g0039,kalshi,67,0.4094
g0039,polymarket,67,0.4206
g0039,kalshi,68,0.4222
g0039,polymarket,68,0.4298
g0039,kalshi,69,0.4297
g0039,polymarket,69,0.4287
g0039,kalshi,70,0.4254
g0039,polymarket,70,0.4142
g0039,kalshi,71,0.4119
g0039,polymarket,71,0.4224
g0039,kalshi,72,0.3847
g0039,polymarket,72,0.4207
g0039,kalshi,73,0.3641
g0039,polymarket,73,0.3671
g0039,kalshi,74,0.4032
g0039,polymarket,74,0.404
g0039,kalshi,75,0.4466
g0039,polymarket,75,0.4347
g0039,kalshi,76,0.4572
g0039,polymarket,76,0.445
g0039,kalshi,77,0.4996
g0039,polymarket,77,0.5015
g0039,kalshi,78,0.464
g0039,polymarket,78,0.46
g0039,kalshi,79,0.496
g0039,polymarket,79,0.4899
g0040,kalshi,0,0.4003
g0040,polymarket,0,0.3929
g0040,kalshi,1,0.4268
g0040,polymarket,1,0.4297
g0040,kalshi,2,0.4367
g0040,polymarket,2,0.403
g0040,kalshi,3,0.4842
g0040,polymarket,3,0.4741
g0040,kalshi,4,0.4637
g0040,polymarket,4,0.474
g0040,kalshi,5,0.4671
g0040,polymarket,5,0.4703
g0040,kalshi,6,0.4807
g0040,polymarket,6,0.5267
g0040,kalshi,7,0.5035
g0040,polymarket,7,0.5124
g0040,kalshi,8,0.5236
g0040,polymarket,8,0.5261
g0040,kalshi,9,0.569
g0040,polymarket,9,0.5538
g0040,kalshi,10,0.5461
g0040,polymarket,10,0.5405
g0040,kalshi,11,0.583
g0040,polymarket,11,0.5794
g0040,kalshi,12,0.5715
g0040,polymarket,12,0.5594
g0040,kalshi,13,0.5834
g0040,polymarket,13,0.6044
g0040,kalshi,14,0.6174
g0040,polymarket,14,0.6218
g0040,kalshi,15,0.6106
g0040,polymarket,15,0.5934
g0040,kalshi,16,0.6191
g0040,polymarket,16,0.6187
g0040,kalshi,17,0.6233
g0040,polymarket,17,0.6232
g0040,kalshi,18,0.6453
g0040,polymarket,18,0.6366
g0040,kalshi,19,0.6687
g0040,polymarket,19,0.6813
g0040,kalshi,20,0.6427
g0040,polymarket,20,0.6219
g0040,kalshi,21,0.6436
g0040,polymarket,21,0.6545
g0040,kalshi,22,0.6642
g0040,polymarket,22,0.6632
g0040,kalshi,23,0.6568
g0040,polymarket,23,0.6534
g0040,kalshi,24,0.6349
g0040,polymarket,24,0.6784
g0040,kalshi,25,0.6359
g0040,polymarket,25,0.6385
g0040,kalshi,26,0.6698
g0040,polymarket,26,0.6708
g0040,kalshi,27,0.6527
g0040,polymarket,27,0.6504
g0040,kalshi,28,0.6655
g0040,polymarket,28,0.676
g0040,kalshi,29,0.6676
g0040,polymarket,29,0.665
g0040,kalshi,30,0.6601
g0040,polymarket,30,0.6578
g0040,kalshi,31,0.6589
g0040,polymarket,31,0.6456
g0040,kalshi,32,0.6535
g0040,polymarket,32,0.6511
g0040,kalshi,33,0.6571
g0040,polymarket,33,0.6667
g0040,kalshi,34,0.6496
g0040,polymarket,34,0.651
g0040,kalshi,35,0.6258
g0040,polymarket,35,0.5869
g0040,kalshi,36,0.6215
g0040,polymarket,36,0.6258
g0040,kalshi,37,0.6397
g0040,polymarket,37,0.6461
g0040,kalshi,38,0.6299
g0040,polymarket,38,0.6126
g0040,kalshi,39,0.6372
g0040,polymarket,39,0.6662
g0040,kalshi,40,0.6557
g0040,polymarket,40,0.6586
g0040,kalshi,41,0.6545
g0040,polymarket,41,0.6557
g0040,kalshi,42,0.6734
g0040,polymarket,42,0.6622
g0040,kalshi,43,0.6668
g0040,polymarket,43,0.6776
g0040,kalshi,44,0.6532
g0040,polymarket,44,0.6678
g0040,kalshi,45,0.6653
g0040,polymarket,45,0.6423
g0040,kalshi,46,0.6534
g0040,polymarket,46,0.6542
g0040,kalshi,47,0.6566
g0040,polymarket,47,0.6521
g0040,kalshi,48,0.6688
g0040,polymarket,48,0.6818
g0040,kalshi,49,0.6807
g0040,polymarket,49,0.7011
g0040,kalshi,50,0.6869
g0040,polymarket,50,0.6994
g0040,kalshi,51,0.7035
g0040,polymarket,51,0.698
g0040,kalshi,52,0.706
g0040,polymarket,52,0.7237
g0040,kalshi,53,0.6871
g0040,polymarket,53,0.7014
g0040,kalshi,54,0.6651
g0040,polymarket,54,0.6529
g0040,kalshi,55,0.6738
g0040,polymarket,55,0.6761
g0040,kalshi,56,0.6535
g0040,polymarket,56,0.6565
g0040,kalshi,57,0.688
g0040,polymarket,57,0.6797
g0040,kalshi,58,0.705
g0040,polymarket,58,0.7137
g0040,kalshi,59,0.6998
g0040,polymarket,59,0.6835
g0040,kalshi,60,0.6962
g0040,polymarket,60,0.6811
g0040,kalshi,61,0.7064
g0040,polymarket,61,0.6783
g0040,kalshi,62,0.7325
g0040,polymarket,62,0.7237
g0040,kalshi,63,0.7462
g0040,polymarket,63,0.7934
g0040,kalshi,64,0.77
g0040,polymarket,64,0.7742
g0040,kalshi,65,0.747
g0040,polymarket,65,0.7536
g0040,kalshi,66,0.7372
g0040,polymarket,66,0.7309
g0040,kalshi,67,0.7584
g0040,polymarket,67,0.6939
g0040,kalshi,68,0.7553
g0040,polymarket,68,0.7567
g0040,kalshi,69,0.7613
g0040,polymarket,69,0.7634
g0040,kalshi,70,0.7299
g0040,polymarket,70,0.7175
g0040,kalshi,71,0.7212
g0040,polymarket,71,0.7574
g0040,kalshi,72,0.7225
g0040,polymarket,72,0.7114
g0040,kalshi,73,0.7174
g0040,polymarket,73,0.7156
g0040,kalshi,74,0.7109
g0040,polymarket,74,0.7066
g0040,kalshi,75,0.7118
g0040,polymarket,75,0.7144
g0040,kalshi,76,0.7109
g0040,polymarket,76,0.7158
g0040,kalshi,77,0.7113
g0040,polymarket,77,0.7164
g0040,kalshi,78,0.7203
g0040,polymarket,78,0.7346
g0040,kalshi,79,0.7123
g0040,polymarket,79,0.7025
g0041,kalshi,0,0.5749
g0041,polymarket,0,0.5798
g0041,kalshi,1,0.5649
g0041,polymarket,1,0.5478
g0041,kalshi,2,0.5577
g0041,polymarket,2,0.5701
g0041,kalshi,3,0.5497
g0041,polymarket,3,0.5462
g0041,kalshi,4,0.5853
g0041,polymarket,4,0.5891
g0041,kalshi,5,0.6151
g0041,polymarket,5,0.618
g0041,kalshi,6,0.6171
g0041,polymarket,6,0.6123
g0041,kalshi,7,0.5938
g0041,polymarket,7,0.5341
g0041,kalshi,8,0.5634
g0041,polymarket,8,0.5655
g0041,kalshi,9,0.6113
g0041,polymarket,9,0.611
g0041,kalshi,10,0.6298
g0041,polymarket,10,0.6177
g0041,kalshi,11,0.6149
g0041,polymarket,11,0.6296
g0041,kalshi,12,0.6392
g0041,polymarket,12,0.6306
g0041,kalshi,13,0.6364
g0041,polymarket,13,0.6265
g0041,kalshi,14,0.6445
g0041,polymarket,14,0.6449
g0041,kalshi,15,0.6578
g0041,polymarket,15,0.6079
g0041,kalshi,16,0.6139
g0041,polymarket,16,0.6174
g0041,kalshi,17,0.6284
g0041,polymarket,17,0.6084
g0041,kalshi,18,0.6524
g0041,polymarket,18,0.6459
g0041,kalshi,19,0.6476
g0041,polymarket,19,0.6586
g0041,kalshi,20,0.6453
g0041,polymarket,20,0.648
g0041,kalshi,21,0.6206
g0041,polymarket,21,0.617
g0041,kalshi,22,0.5961
g0041,polymarket,22,0.5966
g0041,kalshi,23,0.5978
g0041,polymarket,23,0.5874
g0041,kalshi,24,0.573
g0041,polymarket,24,0.5611
g0041,kalshi,25,0.5799
g0041,polymarket,25,0.5775
g0041,kalshi,26,0.6063
g0041,polymarket,26,0.6015
g0041,kalshi,27,0.5771
g0041,polymarket,27,0.5709
g0041,kalshi,28,0.5936
g0041,polymarket,28,0.5771
g0041,kalshi,29,0.6203
g0041,polymarket,29,0.6212
g0041,kalshi,30,0.6218
g0041,polymarket,30,0.6363
g0041,kalshi,31,0.6418
g0041,polymarket,31,0.6349
g0041,kalshi,32,0.6614
g0041,polymarket,32,0.6666
g0041,kalshi,33,0.6596
g0041,polymarket,33,0.6726
g0041,kalshi,34,0.6421
g0041,polymarket,34,0.6385
g0041,kalshi,35,0.6299
g0041,polymarket,35,0.6428
g0041,kalshi,36,0.6351
g0041,polymarket,36,0.6339
g0041,kalshi,37,0.6284
g0041,polymarket,37,0.6302
g0041,kalshi,38,0.6228
g0041,polymarket,38,0.6074
g0041,kalshi,39,0.6018
g0041,polymarket,39,0.5909
g0041,kalshi,40,0.6136
g0041,polymarket,40,0.6282
g0041,kalshi,41,0.6321
g0041,polymarket,41,0.6342
g0041,kalshi,42,0.6282
g0041,polymarket,42,0.6344
g0041,kalshi,43,0.6193
g0041,polymarket,43,0.641
g0041,kalshi,44,0.6467
g0041,polymarket,44,0.5965
g0041,kalshi,45,0.6231
g0041,polymarket,45,0.6016
g0041,kalshi,46,0.6231
g0041,polymarket,46,0.6217
g0041,kalshi,47,0.6478
g0041,polymarket,47,0.641
g0041,kalshi,48,0.6402
g0041,polymarket,48,0.6599
g0041,kalshi,49,0.6439
g0041,polymarket,49,0.6453
g0041,kalshi,50,0.6653
g0041,polymarket,50,0.6718
g0041,kalshi,51,0.6714
g0041,polymarket,51,0.6856
g0041,kalshi,52,0.6709
g0041,polymarket,52,0.6677
g0041,kalshi,53,0.6722
g0041,polymarket,53,0.6642
g0041,kalshi,54,0.6464
g0041,polymarket,54,0.6469
g0041,kalshi,55,0.6409
g0041,polymarket,55,0.6314
g0041,kalshi,56,0.6698
g0041,polymarket,56,0.6662
g0041,kalshi,57,0.6672
g0041,polymarket,57,0.6873
g0041,kalshi,58,0.681
g0041,polymarket,58,0.6802
g0041,kalshi,59,0.7206
g0041,polymarket,59,0.7136
g0041,kalshi,60,0.6744
g0041,polymarket,60,0.6892
g0041,kalshi,61,0.6668
g0041,polymarket,61,0.6851
g0041,kalshi,62,0.6716
g0041,polymarket,62,0.7324
g0041,kalshi,63,0.6564
g0041,polymarket,63,0.6452
g0041,kalshi,64,0.6464
g0041,polymarket,64,0.6393
g0041,kalshi,65,0.6663
g0041,polymarket,65,0.6652
g0041,kalshi,66,0.6761
g0041,polymarket,66,0.6652
g0041,kalshi,67,0.6656
g0041,polymarket,67,0.6455
g0041,kalshi,68,0.6474
g0041,polymarket,68,0.6426
g0041,kalshi,69,0.6756
g0041,polymarket,69,0.6837
g0041,kalshi,70,0.6742
g0041,polymarket,70,0.6868
g0041,kalshi,71,0.6628
g0041,polymarket,71,0.6477
g0041,kalshi,72,0.6749
g0041,polymarket,72,0.6644
g0041,kalshi,73,0.6543
g0041,polymarket,73,0.6345
g0041,kalshi,74,0.6877
g0041,polymarket,74,0.7578
g0041,kalshi,75,0.7105
g0041,polymarket,75,0.7325
g0041,kalshi,76,0.6923
g0041,polymarket,76,0.6811
g0041,kalshi,77,0.7201
g0041,polymarket,77,0.7197
g0041,kalshi,78,0.7268
g0041,polymarket,78,0.7475
g0041,kalshi,79,0.7455
g0041,polymarket,79,0.7438
g0042,kalshi,0,0.5846
g0042,polymarket,0,0.5724
g0042,kalshi,1,0.5693
g0042,polymarket,1,0.5616
g0042,kalshi,2,0.5721
g0042,polymarket,2,0.5607
g0042,kalshi,3,0.5548
g0042,polymarket,3,0.5443
g0042,kalshi,4,0.5505
g0042,polymarket,4,0.549
g0042,kalshi,5,0.5577
g0042,polymarket,5,0.534
g0042,kalshi,6,0.5874
g0042,polymarket,6,0.604
g0042,kalshi,7,0.5959
g0042,polymarket,7,0.6162
g0042,kalshi,8,0.5861
g0042,polymarket,8,0.5828
g0042,kalshi,9,0.5711
g0042,polymarket,9,0.5919
g0042,kalshi,10,0.6095
g0042,polymarket,10,0.6205
g0042,kalshi,11,0.6031
g0042,polymarket,11,0.6003
g0042,kalshi,12,0.6086
g0042,polymarket,12,0.605
g0042,kalshi,13,0.6224
g0042,polymarket,13,0.6155
g0042,kalshi,14,0.6413
g0042,polymarket,14,0.6549
g0042,kalshi,15,0.6529
g0042,polymarket,15,0.6513
g0042,kalshi,16,0.6472
g0042,polymarket,16,0.6413
g0042,kalshi,17,0.6681
g0042,polymarket,17,0.6797
g0042,kalshi,18,0.6885
g0042,polymarket,18,0.6749
g0042,kalshi,19,0.673
g0042,polymarket,19,0.6609
g0042,kalshi,20,0.67
g0042,polymarket,20,0.6447
g0042,kalshi,21,0.6831
g0042,polymarket,21,0.6967
g0042,kalshi,22,0.6809
g0042,polymarket,22,0.685
g0042,kalshi,23,0.6629
g0042,polymarket,23,0.6744
g0042,kalshi,24,0.6852
g0042,polymarket,24,0.688
g0042,kalshi,25,0.6921
g0042,polymarket,25,0.7081
g0042,kalshi,26,0.7003
g0042,polymarket,26,0.7032
g0042,kalshi,27,0.6833
g0042,polymarket,27,0.72
g0042,kalshi,28,0.6665
g0042,polymarket,28,0.7297
g0042,kalshi,29,0.6436
g0042,polymarket,29,0.6425
g0042,kalshi,30,0.645
g0042,polymarket,30,0.6419
g0042,kalshi,31,0.6517
g0042,polymarket,31,0.6371
g0042,kalshi,32,0.6662
g0042,polymarket,32,0.6779
g0042,kalshi,33,0.6832
g0042,polymarket,33,0.7079
g0042,kalshi,34,0.6798
g0042,polymarket,34,0.7266
g0042,kalshi,35,0.694
g0042,polymarket,35,0.7002
g0042,kalshi,36,0.6972
g0042,polymarket,36,0.695
g0042,kalshi,37,0.6991
g0042,polymarket,37,0.6959
g0042,kalshi,38,0.7061
g0042,polymarket,38,0.6759
g0042,kalshi,39,0.7453
g0042,polymarket,39,0.768
g0042,kalshi,40,0.7222
g0042,polymarket,40,0.738
g0042,kalshi,41,0.7408
g0042,polymarket,41,0.7497
g0042,kalshi,42,0.7203
g0042,polymarket,42,0.7228
g0042,kalshi,43,0.717
g0042,polymarket,43,0.7247
g0042,kalshi,44,0.696
g0042,polymarket,44,0.6828
g0042,kalshi,45,0.703
g0042,polymarket,45,0.7111
g0042,kalshi,46,0.7283
g0042,polymarket,46,0.7423
g0042,kalshi,47,0.7293
g0042,polymarket,47,0.7274
g0042,kalshi,48,0.724
g0042,polymarket,48,0.714
g0042,kalshi,49,0.7294
g0042,polymarket,49,0.7123
g0042,kalshi,50,0.7502
g0042,polymarket,50,0.7604
g0042,kalshi,51,0.7428
g0042,polymarket,51,0.7459
g0042,kalshi,52,0.7607
g0042,polymarket,52,0.7513
g0042,kalshi,53,0.7617
g0042,polymarket,53,0.7603
g0042,kalshi,54,0.7856
g0042,polymarket,54,0.7777
g0042,kalshi,55,0.7765
g0042,polymarket,55,0.7922
g0042,kalshi,56,0.7526
g0042,polymarket,56,0.7485
g0042,kalshi,57,0.7269
g0042,polymarket,57,0.7369
g0042,kalshi,58,0.6981
g0042,polymarket,58,0.6958
g0042,kalshi,59,0.69
g0042,polymarket,59,0.6983
g0042,kalshi,60,0.7003
g0042,polymarket,60,0.7
g0042,kalshi,61,0.6432
g0042,polymarket,61,0.6439
g0042,kalshi,62,0.639
g0042,polymarket,62,0.6443
g0042,kalshi,63,0.6237
g0042,polymarket,63,0.6264
g0042,kalshi,64,0.6595
g0042,polymarket,64,0.578
g0042,kalshi,65,0.648
g0042,polymarket,65,0.6568
g0042,kalshi,66,0.6751
g0042,polymarket,66,0.6699
g0042,kalshi,67,0.6604
g0042,polymarket,67,0.6773
g0042,kalshi,68,0.6633
g0042,polymarket,68,0.682
g0042,kalshi,69,0.6403
g0042,polymarket,69,0.6319
g0042,kalshi,70,0.6355
g0042,polymarket,70,0.6206
g0042,kalshi,71,0.6627
g0042,polymarket,71,0.6689
g0042,kalshi,72,0.6693
g0042,polymarket,72,0.6749
g0042,kalshi,73,0.6306
g0042,polymarket,73,0.6127
g0042,kalshi,74,0.6549
g0042,polymarket,74,0.6699
g0042,kalshi,75,0.6655
g0042,polymarket,75,0.666
g0042,kalshi,76,0.6408
g0042,polymarket,76,0.6161
g0042,kalshi,77,0.6641
g0042,polymarket,77,0.6643
g0042,kalshi,78,0.6507
g0042,polymarket,78,0.6472
g0042,kalshi,79,0.6653
g0042,polymarket,79,0.6574
g0043,kalshi,0,0.5533
g0043,polymarket,0,0.5655
g0043,kalshi,1,0.5545
g0043,polymarket,1,0.553
g0043,kalshi,2,0.5783
g0043,polymarket,2,0.5828
g0043,kalshi,3,0.5762
g0043,polymarket,3,0.5522
g0043,kalshi,4,0.5836
g0043,polymarket,4,0.6454
g0043,kalshi,5,0.5622
g0043,polymarket,5,0.5699
g0043,kalshi,6,0.571
g0043,polymarket,6,0.5611
g0043,kalshi,7,0.5876
g0043,polymarket,7,0.5711
g0043,kalshi,8,0.6119
g0043,polymarket,8,0.6138
g0043,kalshi,9,0.6292
g0043,polymarket,9,0.6083
g0043,kalshi,10,0.6539
g0043,polymarket,10,0.6635
g0043,kalshi,11,0.6469
g0043,polymarket,11,0.674
g0043,kalshi,12,0.6156
g0043,polymarket,12,0.6109
g0043,kalshi,13,0.594
g0043,polymarket,13,0.5915
g0043,kalshi,14,0.5965
g0043,polymarket,14,0.6145
g0043,kalshi,15,0.5811
g0043,polymarket,15,0.5778
g0043,kalshi,16,0.5804
g0043,polymarket,16,0.5947
g0043,kalshi,17,0.5527
g0043,polymarket,17,0.5617
g0043,kalshi,18,0.5339
g0043,polymarket,18,0.5399
g0043,kalshi,19,0.5477
g0043,polymarket,19,0.5483
g0043,kalshi,20,0.5802
g0043,polymarket,20,0.4988
g0043,kalshi,21,0.5464
g0043,polymarket,21,0.5503
g0043,kalshi,22,0.5593
g0043,polymarket,22,0.561
g0043,kalshi,23,0.5474
g0043,polymarket,23,0.5451
g0043,kalshi,24,0.5132
g0043,polymarket,24,0.5246
g0043,kalshi,25,0.5089
g0043,polymarket,25,0.5202
g0043,kalshi,26,0.5177
g0043,polymarket,26,0.5077
g0043,kalshi,27,0.5187
g0043,polymarket,27,0.5084
g0043,kalshi,28,0.5359
g0043,polymarket,28,0.5427
g0043,kalshi,29,0.5192
g0043,polymarket,29,0.5011
g0043,kalshi,30,0.5229
g0043,polymarket,30,0.5491
g0043,kalshi,31,0.5199
g0043,polymarket,31,0.5179
g0043,kalshi,32,0.5506
g0043,polymarket,32,0.5209
g0043,kalshi,33,0.5554
g0043,polymarket,33,0.5359
g0043,kalshi,34,0.5563
g0043,polymarket,34,0.6194
g0043,kalshi,35,0.5319
g0043,polymarket,35,0.5331
g0043,kalshi,36,0.5287
g0043,polymarket,36,0.5036
g0043,kalshi,37,0.5411
g0043,polymarket,37,0.5465
g0043,kalshi,38,0.5634
g0043,polymarket,38,0.5478
g0043,kalshi,39,0.5854
g0043,polymarket,39,0.6182
g0043,kalshi,40,0.5852
g0043,polymarket,40,0.5858
g0043,kalshi,41,0.607
g0043,polymarket,41,0.6035
g0043,kalshi,42,0.632
g0043,polymarket,42,0.615
g0043,kalshi,43,0.671
g0043,polymarket,43,0.6558
g0043,kalshi,44,0.6492
g0043,polymarket,44,0.6387
g0043,kalshi,45,0.6776
g0043,polymarket,45,0.7437
g0043,kalshi,46,0.6632
g0043,polymarket,46,0.6598
g0043,kalshi,47,0.668
g0043,polymarket,47,0.6596
g0043,kalshi,48,0.6433
g0043,polymarket,48,0.6206
g0043,kalshi,49,0.6316
g0043,polymarket,49,0.6393
g0043,kalshi,50,0.5977
g0043,polymarket,50,0.6108
g0043,kalshi,51,0.6091
g0043,polymarket,51,0.6255
g0043,kalshi,52,0.6234
g0043,polymarket,52,0.6347
g0043,kalshi,53,0.6162
g0043,polymarket,53,0.6188
g0043,kalshi,54,0.6046
g0043,polymarket,54,0.5986
g0043,kalshi,55,0.5925
g0043,polymarket,55,0.6048
g0043,kalshi,56,0.5466
g0043,polymarket,56,0.5418
g0043,kalshi,57,0.5542
g0043,polymarket,57,0.5579
g0043,kalshi,58,0.5417
g0043,polymarket,58,0.546
g0043,kalshi,59,0.5155
g0043,polymarket,59,0.5133
g0043,kalshi,60,0.5405
g0043,polymarket,60,0.5559
g0043,kalshi,61,0.5251
g0043,polymarket,61,0.5223
g0043,kalshi,62,0.5209
g0043,polymarket,62,0.5802
g0043,kalshi,63,0.5425
g0043,polymarket,63,0.5505
g0043,kalshi,64,0.5538
g0043,polymarket,64,0.548
g0043,kalshi,65,0.5204
g0043,polymarket,65,0.517
g0043,kalshi,66,0.5325
g0043,polymarket,66,0.5308
g0043,kalshi,67,0.555
g0043,polymarket,67,0.5658
g0043,kalshi,68,0.5596
g0043,polymarket,68,0.5672
g0043,kalshi,69,0.5813
g0043,polymarket,69,0.5712
g0043,kalshi,70,0.5856
g0043,polymarket,70,0.5743
g0043,kalshi,71,0.6109
g0043,polymarket,71,0.6135
g0043,kalshi,72,0.6493
g0043,polymarket,72,0.6615
g0043,kalshi,73,0.6617
g0043,polymarket,73,0.6566
g0043,kalshi,74,0.6553
g0043,polymarket,74,0.6492
g0043,kalshi,75,0.6266
g0043,polymarket,75,0.6283
g0043,kalshi,76,0.6044
g0043,polymarket,76,0.5982
g0043,kalshi,77,0.6011
g0043,polymarket,77,0.6042
g0043,kalshi,78,0.5999
g0043,polymarket,78,0.6041
g0043,kalshi,79,0.5826
g0043,polymarket,79,0.5772
g0044,kalshi,0,0.4825
g0044,polymarket,0,0.4919
g0044,kalshi,1,0.4887
g0044,polymarket,1,0.4856
g0044,kalshi,2,0.5031
g0044,polymarket,2,0.5073
g0044,kalshi,3,0.4726
g0044,polymarket,3,0.4968
g0044,kalshi,4,0.456
g0044,polymarket,4,0.4485
g0044,kalshi,5,0.4688
g0044,polymarket,5,0.4676
g0044,kalshi,6,0.4451
g0044,polymarket,6,0.4639
g0044,kalshi,7,0.4563
g0044,polymarket,7,0.469
g0044,kalshi,8,0.4717
g0044,polymarket,8,0.4558
g0044,kalshi,9,0.4717
g0044,polymarket,9,0.4623
g0044,kalshi,10,0.4682
g0044,polymarket,10,0.468
g0044,kalshi,11,0.4835
g0044,polymarket,11,0.4915
g0044,kalshi,12,0.5022
g0044,polymarket,12,0.5091
g0044,kalshi,13,0.5155
g0044,polymarket,13,0.4938
g0044,kalshi,14,0.5407
g0044,polymarket,14,0.535
g0044,kalshi,15,0.5395
g0044,polymarket,15,0.5429
g0044,kalshi,16,0.547
g0044,polymarket,16,0.5445
g0044,kalshi,17,0.5453
g0044,polymarket,17,0.5423
g0044,kalshi,18,0.534
g0044,polymarket,18,0.5389
g0044,kalshi,19,0.5229
g0044,polymarket,19,0.5408
g0044,kalshi,20,0.51
g0044,polymarket,20,0.4963
g0044,kalshi,21,0.4902
g0044,polymarket,21,0.468
g0044,kalshi,22,0.5165
g0044,polymarket,22,0.5229
g0044,kalshi,23,0.5366
g0044,polymarket,23,0.5364
g0044,kalshi,24,0.5764
g0044,polymarket,24,0.5722
g0044,kalshi,25,0.5751
g0044,polymarket,25,0.5833
g0044,kalshi,26,0.61
g0044,polymarket,26,0.6389
g0044,kalshi,27,0.6038
g0044,polymarket,27,0.6033
g0044,kalshi,28,0.6035
g0044,polymarket,28,0.6841
g0044,kalshi,29,0.6225
g0044,polymarket,29,0.6056
g0044,kalshi,30,0.6323
g0044,polymarket,30,0.6539
g0044,kalshi,31,0.6073
g0044,polymarket,31,0.5458
g0044,kalshi,32,0.6152
g0044,polymarket,32,0.603
g0044,kalshi,33,0.5854
g0044,polymarket,33,0.5854
g0044,kalshi,34,0.6208
g0044,polymarket,34,0.6041
g0044,kalshi,35,0.5993
g0044,polymarket,35,0.6107
g0044,kalshi,36,0.6288
g0044,polymarket,36,0.5693
g0044,kalshi,37,0.607
g0044,polymarket,37,0.6123
g0044,kalshi,38,0.6212
g0044,polymarket,38,0.6268
g0044,kalshi,39,0.6179
g0044,polymarket,39,0.5985
g0044,kalshi,40,0.5935
g0044,polymarket,40,0.5911
g0044,kalshi,41,0.5878
g0044,polymarket,41,0.5748
g0044,kalshi,42,0.586
g0044,polymarket,42,0.5721
g0044,kalshi,43,0.5934
g0044,polymarket,43,0.6057
g0044,kalshi,44,0.5988
g0044,polymarket,44,0.5917
g0044,kalshi,45,0.6056
g0044,polymarket,45,0.6101
g0044,kalshi,46,0.5983
g0044,polymarket,46,0.5941
g0044,kalshi,47,0.5851
g0044,polymarket,47,0.5882
g0044,kalshi,48,0.5709
g0044,polymarket,48,0.5684
g0044,kalshi,49,0.5712
g0044,polymarket,49,0.5331
g0044,kalshi,50,0.5753
g0044,polymarket,50,0.5682
g0044,kalshi,51,0.5986
g0044,polymarket,51,0.5937
g0044,kalshi,52,0.5791
g0044,polymarket,52,0.5514
g0044,kalshi,53,0.5556
g0044,polymarket,53,0.598
g0044,kalshi,54,0.5442
g0044,polymarket,54,0.5612
g0044,kalshi,55,0.5363
g0044,polymarket,55,0.5113
g0044,kalshi,56,0.5362
g0044,polymarket,56,0.5218
g0044,kalshi,57,0.5279
g0044,polymarket,57,0.546
g0044,kalshi,58,0.5261
g0044,polymarket,58,0.5471
g0044,kalshi,59,0.4974
g0044,polymarket,59,0.5104
g0044,kalshi,60,0.4893
g0044,polymarket,60,0.4976
g0044,kalshi,61,0.5099
g0044,polymarket,61,0.5049
g0044,kalshi,62,0.5274
g0044,polymarket,62,0.5058
g0044,kalshi,63,0.5191
g0044,polymarket,63,0.528
g0044,kalshi,64,0.5293
g0044,polymarket,64,0.5375
g0044,kalshi,65,0.5385
g0044,polymarket,65,0.5508
g0044,kalshi,66,0.5275
g0044,polymarket,66,0.5315
g0044,kalshi,67,0.5247
g0044,polymarket,67,0.5093
g0044,kalshi,68,0.5259
g0044,polymarket,68,0.5014
g0044,kalshi,69,0.5357
g0044,polymarket,69,0.5312
g0044,kalshi,70,0.5226
g0044,polymarket,70,0.5138
g0044,kalshi,71,0.4997
g0044,polymarket,71,0.5158
g0044,kalshi,72,0.4965
g0044,polymarket,72,0.4828
g0044,kalshi,73,0.5214
g0044,polymarket,73,0.505
g0044,kalshi,74,0.5109
g0044,polymarket,74,0.5166
g0044,kalshi,75,0.5304
g0044,polymarket,75,0.5321
g0044,kalshi,76,0.5481
g0044,polymarket,76,0.5403
g0044,kalshi,77,0.5531
g0044,polymarket,77,0.5457
g0044,kalshi,78,0.5302
g0044,polymarket,78,0.5428
g0044,kalshi,79,0.52
g0044,polymarket,79,0.5233
g0045,kalshi,0,0.4064
g0045,polymarket,0,0.3964
g0045,kalshi,1,0.3688
g0045,polymarket,1,0.3783
g0045,kalshi,2,0.3801
g0045,polymarket,2,0.44
g0045,kalshi,3,0.377
g0045,polymarket,3,0.3793
g0045,kalshi,4,0.4167
g0045,polymarket,4,0.4103
g0045,kalshi,5,0.4068
g0045,polymarket,5,0.4101
g0045,kalshi,6,0.3807
g0045,polymarket,6,0.3674
g0045,kalshi,7,0.3712
g0045,polymarket,7,0.3723
g0045,kalshi,8,0.3685
g0045,polymarket,8,0.373
g0045,kalshi,9,0.3604
g0045,polymarket,9,0.3675
g0045,kalshi,10,0.3744
g0045,polymarket,10,0.3746
g0045,kalshi,11,0.352
g0045,polymarket,11,0.2907
g0045,kalshi,12,0.3565
g0045,polymarket,12,0.3642
g0045,kalshi,13,0.3533
g0045,polymarket,13,0.332
g0045,kalshi,14,0.3562
g0045,polymarket,14,0.354
g0045,kalshi,15,0.379
g0045,polymarket,15,0.389
g0045,kalshi,16,0.381
g0045,polymarket,16,0.3718
g0045,kalshi,17,0.3839
g0045,polymarket,17,0.3804
g0045,kalshi,18,0.3841
g0045,polymarket,18,0.3829
g0045,kalshi,19,0.3657
g0045,polymarket,19,0.3666
g0045,kalshi,20,0.3485
g0045,polymarket,20,0.3486
g0045,kalshi,21,0.3762
g0045,polymarket,21,0.3784
g0045,kalshi,22,0.3755
g0045,polymarket,22,0.3737
g0045,kalshi,23,0.3778
g0045,polymarket,23,0.3736
g0045,kalshi,24,0.3504
g0045,polymarket,24,0.3397
g0045,kalshi,25,0.3176
g0045,polymarket,25,0.3208
g0045,kalshi,26,0.3314
g0045,polymarket,26,0.3095
g0045,kalshi,27,0.3354
g0045,polymarket,27,0.3301
g0045,kalshi,28,0.3612
g0045,polymarket,28,0.3634
g0045,kalshi,29,0.3586
g0045,polymarket,29,0.3538
g0045,kalshi,30,0.347
g0045,polymarket,30,0.3587
g0045,kalshi,31,0.3341
g0045,polymarket,31,0.3253
g0045,kalshi,32,0.2981
g0045,polymarket,32,0.2901
g0045,kalshi,33,0.304
g0045,polymarket,33,0.3085
g0045,kalshi,34,0.3172
g0045,polymarket,34,0.3082
g0045,kalshi,35,0.3175
g0045,polymarket,35,0.3894
g0045,kalshi,36,0.2895
g0045,polymarket,36,0.2932
g0045,kalshi,37,0.2739
g0045,polymarket,37,0.2937
g0045,kalshi,38,0.2903
g0045,polymarket,38,0.2963
g0045,kalshi,39,0.2895
g0045,polymarket,39,0.2998
g0045,kalshi,40,0.3163
g0045,polymarket,40,0.3185
g0045,kalshi,41,0.3401
g0045,polymarket,41,0.3488
g0045,kalshi,42,0.3655
g0045,polymarket,42,0.3778
g0045,kalshi,43,0.3667
g0045,polymarket,43,0.3583
g0045,kalshi,44,0.3496
g0045,polymarket,44,0.3489
g0045,kalshi,45,0.3847
g0045,polymarket,45,0.3777
g0045,kalshi,46,0.4084
g0045,polymarket,46,0.3934
g0045,kalshi,47,0.4253
g0045,polymarket,47,0.382
g0045,kalshi,48,0.404
g0045,polymarket,48,0.3453
g0045,kalshi,49,0.4078
g0045,polymarket,49,0.422
g0045,kalshi,50,0.3957
g0045,polymarket,50,0.3921
g0045,kalshi,51,0.3968
g0045,polymarket,51,0.3958
g0045,kalshi,52,0.4047
g0045,polymarket,52,0.4015
g0045,kalshi,53,0.3749
g0045,polymarket,53,0.3819
g0045,kalshi,54,0.3425
g0045,polymarket,54,0.3565
g0045,kalshi,55,0.3379
g0045,polymarket,55,0.3374
g0045,kalshi,56,0.3608
g0045,polymarket,56,0.3699
g0045,kalshi,57,0.3587
g0045,polymarket,57,0.3809
g0045,kalshi,58,0.3595
g0045,polymarket,58,0.3419
g0045,kalshi,59,0.3352
g0045,polymarket,59,0.341
g0045,kalshi,60,0.3327
g0045,polymarket,60,0.3297
g0045,kalshi,61,0.3339
g0045,polymarket,61,0.3296
g0045,kalshi,62,0.3248
g0045,polymarket,62,0.3344
g0045,kalshi,63,0.3494
g0045,polymarket,63,0.3713
g0045,kalshi,64,0.3408
g0045,polymarket,64,0.3301
g0045,kalshi,65,0.3583
g0045,polymarket,65,0.3285
g0045,kalshi,66,0.3606
g0045,polymarket,66,0.3644
g0045,kalshi,67,0.3779
g0045,polymarket,67,0.3497
g0045,kalshi,68,0.3924
g0045,polymarket,68,0.3839
g0045,kalshi,69,0.3956
g0045,polymarket,69,0.3938
g0045,kalshi,70,0.3833
g0045,polymarket,70,0.3865
g0045,kalshi,71,0.4008
g0045,polymarket,71,0.4146
g0045,kalshi,72,0.431
g0045,polymarket,72,0.4026
g0045,kalshi,73,0.4276
g0045,polymarket,73,0.4276
g0045,kalshi,74,0.4433
g0045,polymarket,74,0.4497
g0045,kalshi,75,0.4035
g0045,polymarket,75,0.4213
g0045,kalshi,76,0.4136
g0045,polymarket,76,0.4114
g0045,kalshi,77,0.4463
g0045,polymarket,77,0.4626
g0045,kalshi,78,0.4663
g0045,polymarket,78,0.4632
g0045,kalshi,79,0.4642
g0045,polymarket,79,0.4504
g0046,kalshi,0,0.3879
g0046,polymarket,0,0.3732
g0046,kalshi,1,0.3758
g0046,polymarket,1,0.3771
g0046,kalshi,2,0.3694
g0046,polymarket,2,0.3744
g0046,kalshi,3,0.3514
g0046,polymarket,3,0.3401
g0046,kalshi,4,0.322
g0046,polymarket,4,0.2971
g0046,kalshi,5,0.2843
g0046,polymarket,5,0.2832
g0046,kalshi,6,0.2661
g0046,polymarket,6,0.2594
g0046,kalshi,7,0.2548
g0046,polymarket,7,0.2568
g0046,kalshi,8,0.2652
g0046,polymarket,8,0.2792
g0046,kalshi,9,0.2584
g0046,polymarket,9,0.2411
g0046,kalshi,10,0.2353
g0046,polymarket,10,0.2263
g0046,kalshi,11,0.2032
g0046,polymarket,11,0.1887
g0046,kalshi,12,0.1832
g0046,polymarket,12,0.1892
g0046,kalshi,13,0.18
g0046,polymarket,13,0.1882
g0046,kalshi,14,0.1808
g0046,polymarket,14,0.1857
g0046,kalshi,15,0.1965
g0046,polymarket,15,0.2083
g0046,kalshi,16,0.1939
g0046,polymarket,16,0.1858
g0046,kalshi,17,0.1977
g0046,polymarket,17,0.2181
g0046,kalshi,18,0.2116
g0046,polymarket,18,0.2106
g0046,kalshi,19,0.2452
g0046,polymarket,19,0.1798
g0046,kalshi,20,0.2691
g0046,polymarket,20,0.277
g0046,kalshi,21,0.2876
g0046,polymarket,21,0.2733
g0046,kalshi,22,0.2551
g0046,polymarket,22,0.2415
g0046,kalshi,23,0.2904
g0046,polymarket,23,0.2906
g0046,kalshi,24,0.2881
g0046,polymarket,24,0.2599
g0046,kalshi,25,0.3239
g0046,polymarket,25,0.3355
g0046,kalshi,26,0.3041
g0046,polymarket,26,0.3278
g0046,kalshi,27,0.3175
g0046,polymarket,27,0.3154
g0046,kalshi,28,0.3099
g0046,polymarket,28,0.3004
g0046,kalshi,29,0.3511
g0046,polymarket,29,0.349
g0046,kalshi,30,0.3525
g0046,polymarket,30,0.346
g0046,kalshi,31,0.3202
g0046,polymarket,31,0.3181
g0046,kalshi,32,0.2757
g0046,polymarket,32,0.2861
g0046,kalshi,33,0.2746
g0046,polymarket,33,0.2776
g0046,kalshi,34,0.3104
g0046,polymarket,34,0.3177
g0046,kalshi,35,0.3117
g0046,polymarket,35,0.2969
g0046,kalshi,36,0.298
g0046,polymarket,36,0.2913
g0046,kalshi,37,0.2886
g0046,polymarket,37,0.2726
g0046,kalshi,38,0.3246
g0046,polymarket,38,0.2695
g0046,kalshi,39,0.3322
g0046,polymarket,39,0.321
g0046,kalshi,40,0.3366
g0046,polymarket,40,0.322
g0046,kalshi,41,0.3335
g0046,polymarket,41,0.2586
g0046,kalshi,42,0.3482
g0046,polymarket,42,0.3666
g0046,kalshi,43,0.386
g0046,polymarket,43,0.4257
g0046,kalshi,44,0.3842
g0046,polymarket,44,0.3883
g0046,kalshi,45,0.399
g0046,polymarket,45,0.4145
g0046,kalshi,46,0.3796
g0046,polymarket,46,0.3722
g0046,kalshi,47,0.384
g0046,polymarket,47,0.3728
g0046,kalshi,48,0.357
g0046,polymarket,48,0.3793
g0046,kalshi,49,0.3451
g0046,polymarket,49,0.3521
g0046,kalshi,50,0.3174
g0046,polymarket,50,0.2583
g0046,kalshi,51,0.3252
g0046,polymarket,51,0.3217
g0046,kalshi,52,0.2895
g0046,polymarket,52,0.29
g0046,kalshi,53,0.2724
g0046,polymarket,53,0.2594
g0046,kalshi,54,0.2539
g0046,polymarket,54,0.2562
g0046,kalshi,55,0.2559
g0046,polymarket,55,0.2276
g0046,kalshi,56,0.2502
g0046,polymarket,56,0.2633
g0046,kalshi,57,0.2552
g0046,polymarket,57,0.2443
g0046,kalshi,58,0.29
g0046,polymarket,58,0.2827
g0046,kalshi,59,0.294
g0046,polymarket,59,0.2875
g0046,kalshi,60,0.3238
g0046,polymarket,60,0.3419
g0046,kalshi,61,0.3085
g0046,polymarket,61,0.3059
g0046,kalshi,62,0.2997
g0046,polymarket,62,0.2973
g0046,kalshi,63,0.2631
g0046,polymarket,63,0.2457
g0046,kalshi,64,0.2883
g0046,polymarket,64,0.2827
g0046,kalshi,65,0.2559
g0046,polymarket,65,0.2436
g0046,kalshi,66,0.2496
g0046,polymarket,66,0.243
g0046,kalshi,67,0.2399
g0046,polymarket,67,0.2316
g0046,kalshi,68,0.2338
g0046,polymarket,68,0.2533
g0046,kalshi,69,0.2079
g0046,polymarket,69,0.2004
g0046,kalshi,70,0.2079
g0046,polymarket,70,0.2135
g0046,kalshi,71,0.2204
g0046,polymarket,71,0.2198
g0046,kalshi,72,0.2505
g0046,polymarket,72,0.2517
g0046,kalshi,73,0.2808
g0046,polymarket,73,0.2805
g0046,kalshi,74,0.2744
g0046,polymarket,74,0.2767
g0046,kalshi,75,0.2854
g0046,polymarket,75,0.2958
g0046,kalshi,76,0.265
g0046,polymarket,76,0.2555
g0046,kalshi,77,0.2572
g0046,polymarket,77,0.256
g0046,kalshi,78,0.2733
g0046,polymarket,78,0.2633
g0046,kalshi,79,0.2734
g0046,polymarket,79,0.2724
g0047,kalshi,0,0.5088
g0047,polymarket,0,0.4886
g0047,kalshi,1,0.4799
g0047,polymarket,1,0.4929
g0047,kalshi,2,0.4949
g0047,polymarket,2,0.5005
g0047,kalshi,3,0.5065
g0047,polymarket,3,0.5014
g0047,kalshi,4,0.5145
g0047,polymarket,4,0.446
g0047,kalshi,5,0.4984
g0047,polymarket,5,0.4867
g0047,kalshi,6,0.4529
g0047,polymarket,6,0.4564
g0047,kalshi,7,0.4585
g0047,polymarket,7,0.4604
g0047,kalshi,8,0.4568
g0047,polymarket,8,0.4786
g0047,kalshi,9,0.4417
g0047,polymarket,9,0.4365
g0047,kalshi,10,0.4539
g0047,polymarket,10,0.4629
g0047,kalshi,11,0.4474
g0047,polymarket,11,0.4671
g0047,kalshi,12,0.4271
g0047,polymarket,12,0.4195
g0047,kalshi,13,0.4426
g0047,polymarket,13,0.4303
g0047,kalshi,14,0.4492
g0047,polymarket,14,0.4435
g0047,kalshi,15,0.4369
g0047,polymarket,15,0.465
g0047,kalshi,16,0.417
g0047,polymarket,16,0.4228
g0047,kalshi,17,0.4562
g0047,polymarket,17,0.4547
g0047,kalshi,18,0.4561
g0047,polymarket,18,0.449
g0047,kalshi,19,0.4767
g0047,polymarket,19,0.4852
g0047,kalshi,20,0.4704
g0047,polymarket,20,0.456
g0047,kalshi,21,0.4624
g0047,polymarket,21,0.4502
g0047,kalshi,22,0.5051
g0047,polymarket,22,0.5072
g0047,kalshi,23,0.511
g0047,polymarket,23,0.522
g0047,kalshi,24,0.4952
g0047,polymarket,24,0.4929
g0047,kalshi,25,0.5159
g0047,polymarket,25,0.522
g0047,kalshi,26,0.509
g0047,polymarket,26,0.5167
g0047,kalshi,27,0.4872
g0047,polymarket,27,0.465
g0047,kalshi,28,0.4869
g0047,polymarket,28,0.4995
g0047,kalshi,29,0.5024
g0047,polymarket,29,0.4989
g0047,kalshi,30,0.4822
g0047,polymarket,30,0.4935
g0047,kalshi,31,0.4773
g0047,polymarket,31,0.4761
g0047,kalshi,32,0.468
g0047,polymarket,32,0.4613
g0047,kalshi,33,0.5073
g0047,polymarket,33,0.4784
g0047,kalshi,34,0.4888
g0047,polymarket,34,0.5065
g0047,kalshi,35,0.4862
g0047,polymarket,35,0.4951
g0047,kalshi,36,0.4758
g0047,polymarket,36,0.4686
g0047,kalshi,37,0.464
g0047,polymarket,37,0.4721
g0047,kalshi,38,0.5013
g0047,polymarket,38,0.4877
g0047,kalshi,39,0.5177
g0047,polymarket,39,0.5144
g0047,kalshi,40,0.5076
g0047,polymarket,40,0.5079
g0047,kalshi,41,0.5079
g0047,polymarket,41,0.4956
g0047,kalshi,42,0.5174
g0047,polymarket,42,0.566
g0047,kalshi,43,0.5454
g0047,polymarket,43,0.5228
g0047,kalshi,44,0.554
g0047,polymarket,44,0.5453
g0047,kalshi,45,0.5553
g0047,polymarket,45,0.5395
g0047,kalshi,46,0.5708
g0047,polymarket,46,0.5639
g0047,kalshi,47,0.5034
g0047,polymarket,47,0.4975
g0047,kalshi,48,0.4925
g0047,polymarket,48,0.4962
g0047,kalshi,49,0.5049
g0047,polymarket,49,0.5659
g0047,kalshi,50,0.4659
g0047,polymarket,50,0.4624
g0047,kalshi,51,0.4811
g0047,polymarket,51,0.4879
g0047,kalshi,52,0.4888
g0047,polymarket,52,0.4542
g0047,kalshi,53,0.4953
g0047,polymarket,53,0.5052
g0047,kalshi,54,0.5288
g0047,polymarket,54,0.5236
g0047,kalshi,55,0.5233
g0047,polymarket,55,0.5205
g0047,kalshi,56,0.5182
g0047,polymarket,56,0.5241
g0047,kalshi,57,0.4979
g0047,polymarket,57,0.4328
g0047,kalshi,58,0.5208
g0047,polymarket,58,0.5057
g0047,kalshi,59,0.5168
g0047,polymarket,59,0.5219
g0047,kalshi,60,0.5442
g0047,polymarket,60,0.5226
g0047,kalshi,61,0.5324
g0047,polymarket,61,0.5195
g0047,kalshi,62,0.5078
g0047,polymarket,62,0.5096
g0047,kalshi,63,0.5147
g0047,polymarket,63,0.5163
g0047,kalshi,64,0.5248
g0047,polymarket,64,0.5155
g0047,kalshi,65,0.528
g0047,polymarket,65,0.5251
g0047,kalshi,66,0.5076
g0047,polymarket,66,0.5116
g0047,kalshi,67,0.507
g0047,polymarket,67,0.537
g0047,kalshi,68,0.5092
g0047,polymarket,68,0.5066
g0047,kalshi,69,0.5191
g0047,polymarket,69,0.5062
g0047,kalshi,70,0.5136
g0047,polymarket,70,0.5055
g0047,kalshi,71,0.5
g0047,polymarket,71,0.4979
g0047,kalshi,72,0.4918
g0047,polymarket,72,0.4359
g0047,kalshi,73,0.4869
g0047,polymarket,73,0.4861
g0047,kalshi,74,0.5216
g0047,polymarket,74,0.5208
g0047,kalshi,75,0.5169
g0047,polymarket,75,0.5188
g0047,kalshi,76,0.5355
g0047,polymarket,76,0.5338
g0047,kalshi,77,0.5347
g0047,polymarket,77,0.5366
g0047,kalshi,78,0.5196
g0047,polymarket,78,0.5264
g0047,kalshi,79,0.524
g0047,polymarket,79,0.518
g0048,kalshi,0,0.5601
g0048,polymarket,0,0.5646
g0048,kalshi,1,0.5683
g0048,polymarket,1,0.5681
g0048,kalshi,2,0.5664
g0048,polymarket,2,0.5594
g0048,kalshi,3,0.5532
g0048,polymarket,3,0.5234
g0048,kalshi,4,0.5314
g0048,polymarket,4,0.5318
g0048,kalshi,5,0.5317
g0048,polymarket,5,0.5187
g0048,kalshi,6,0.5268
g0048,polymarket,6,0.5234
g0048,kalshi,7,0.5226
g0048,polymarket,7,0.5209
g0048,kalshi,8,0.5312
g0048,polymarket,8,0.5406
g0048,kalshi,9,0.5162
g0048,polymarket,9,0.5062
g0048,kalshi,10,0.5418
g0048,polymarket,10,0.5397
g0048,kalshi,11,0.5326
g0048,polymarket,11,0.5266
g0048,kalshi,12,0.5058
g0048,polymarket,12,0.5179
g0048,kalshi,13,0.5159
g0048,polymarket,13,0.5183
g0048,kalshi,14,0.4924
g0048,polymarket,14,0.4966
g0048,kalshi,15,0.47
g0048,polymarket,15,0.4709
g0048,kalshi,16,0.4719
g0048,polymarket,16,0.5466
g0048,kalshi,17,0.4838
g0048,polymarket,17,0.4745
g0048,kalshi,18,0.4694
g0048,polymarket,18,0.4578
g0048,kalshi,19,0.4549
g0048,polymarket,19,0.3967
g0048,kalshi,20,0.4439
g0048,polymarket,20,0.4353
g0048,kalshi,21,0.4492
g0048,polymarket,21,0.4422
g0048,kalshi,22,0.4632
g0048,polymarket,22,0.4743
g0048,kalshi,23,0.429
g0048,polymarket,23,0.4411
g0048,kalshi,24,0.4048
g0048,polymarket,24,0.4049
g0048,kalshi,25,0.379
g0048,polymarket,25,0.4019
g0048,kalshi,26,0.4026
g0048,polymarket,26,0.4034
g0048,kalshi,27,0.4242
g0048,polymarket,27,0.4351
g0048,kalshi,28,0.4248
g0048,polymarket,28,0.4125
g0048,kalshi,29,0.4097
g0048,polymarket,29,0.4315
g0048,kalshi,30,0.4071
g0048,polymarket,30,0.4925
g0048,kalshi,31,0.3779
g0048,polymarket,31,0.3582
g0048,kalshi,32,0.377
g0048,polymarket,32,0.385
g0048,kalshi,33,0.3887
g0048,polymarket,33,0.4297
g0048,kalshi,34,0.4148
g0048,polymarket,34,0.4372
g0048,kalshi,35,0.4141
g0048,polymarket,35,0.4261
g0048,kalshi,36,0.4069
g0048,polymarket,36,0.4151
g0048,kalshi,37,0.3991
g0048,polymarket,37,0.3978
g0048,kalshi,38,0.4185
g0048,polymarket,38,0.3907
g0048,kalshi,39,0.3973
g0048,polymarket,39,0.3806
g0048,kalshi,40,0.4013
g0048,polymarket,40,0.3855
g0048,kalshi,41,0.4177
g0048,polymarket,41,0.418
g0048,kalshi,42,0.4007
g0048,polymarket,42,0.3944
g0048,kalshi,43,0.4158
g0048,polymarket,43,0.4279
g0048,kalshi,44,0.4169
g0048,polymarket,44,0.4079
g0048,kalshi,45,0.4042
g0048,polymarket,45,0.3893
g0048,kalshi,46,0.412
g0048,polymarket,46,0.4089
g0048,kalshi,47,0.4103
g0048,polymarket,47,0.4032
g0048,kalshi,48,0.4299
g0048,polymarket,48,0.4219
g0048,kalshi,49,0.436
g0048,polymarket,49,0.4086
g0048,kalshi,50,0.437
g0048,polymarket,50,0.4234
g0048,kalshi,51,0.437
g0048,polymarket,51,0.4283
g0048,kalshi,52,0.4397
g0048,polymarket,52,0.4339
g0048,kalshi,53,0.4042
g0048,polymarket,53,0.4126
g0048,kalshi,54,0.4183
g0048,polymarket,54,0.4237
g0048,kalshi,55,0.4589
g0048,polymarket,55,0.4636
g0048,kalshi,56,0.474
g0048,polymarket,56,0.4232
g0048,kalshi,57,0.4423
g0048,polymarket,57,0.4353
g0048,kalshi,58,0.4516
g0048,polymarket,58,0.4429
g0048,kalshi,59,0.4683
g0048,polymarket,59,0.4754
g0048,kalshi,60,0.4807
g0048,polymarket,60,0.4822
g0048,kalshi,61,0.4983
g0048,polymarket,61,0.4908
g0048,kalshi,62,0.5418
g0048,polymarket,62,0.5607
g0048,kalshi,63,0.5438
g0048,polymarket,63,0.5416
g0048,kalshi,64,0.5577
g0048,polymarket,64,0.5631
g0048,kalshi,65,0.5308
g0048,polymarket,65,0.5185
g0048,kalshi,66,0.5344
g0048,polymarket,66,0.5488
g0048,kalshi,67,0.5488
g0048,polymarket,67,0.5562
g0048,kalshi,68,0.5672
g0048,polymarket,68,0.5703
g0048,kalshi,69,0.5839
g0048,polymarket,69,0.5883
g0048,kalshi,70,0.5927
g0048,polymarket,70,0.5953
g0048,kalshi,71,0.592
g0048,polymarket,71,0.5818
g0048,kalshi,72,0.6195
g0048,polymarket,72,0.606
g0048,kalshi,73,0.6211
g0048,polymarket,73,0.6131
g0048,kalshi,74,0.5839
g0048,polymarket,74,0.5594
g0048,kalshi,75,0.5559
g0048,polymarket,75,0.5696
g0048,kalshi,76,0.5358
g0048,polymarket,76,0.5352
g0048,kalshi,77,0.5613
g0048,polymarket,77,0.5499
g0048,kalshi,78,0.5423
g0048,polymarket,78,0.5368
g0048,kalshi,79,0.5249
g0048,polymarket,79,0.519
g0049,kalshi,0,0.4947
g0049,polymarket,0,0.5022
g0049,kalshi,1,0.4968
g0049,polymarket,1,0.4944
g0049,kalshi,2,0.4565
g0049,polymarket,2,0.4562
g0049,kalshi,3,0.4266
g0049,polymarket,3,0.4546
g0049,kalshi,4,0.4341
g0049,polymarket,4,0.4248
g0049,kalshi,5,0.4688
g0049,polymarket,5,0.4693
g0049,kalshi,6,0.4476
g0049,polymarket,6,0.4584
g0049,kalshi,7,0.4741
g0049,polymarket,7,0.4978
g0049,kalshi,8,0.4824
g0049,polymarket,8,0.5009
g0049,kalshi,9,0.4777
g0049,polymarket,9,0.4643
g0049,kalshi,10,0.4893
g0049,polymarket,10,0.4836
g0049,kalshi,11,0.4644
g0049,polymarket,11,0.4595
g0049,kalshi,12,0.4612
g0049,polymarket,12,0.4561
g0049,kalshi,13,0.4596
g0049,polymarket,13,0.4737
g0049,kalshi,14,0.4249
g0049,polymarket,14,0.4346
g0049,kalshi,15,0.4006
g0049,polymarket,15,0.4018
g0049,kalshi,16,0.3928
g0049,polymarket,16,0.3761
g0049,kalshi,17,0.3877
g0049,polymarket,17,0.3817
g0049,kalshi,18,0.3779
g0049,polymarket,18,0.3915
g0049,kalshi,19,0.3894
g0049,polymarket,19,0.3936
g0049,kalshi,20,0.3754
g0049,polymarket,20,0.3702
g0049,kalshi,21,0.3515
g0049,polymarket,21,0.3529
g0049,kalshi,22,0.3552
g0049,polymarket,22,0.3705
g0049,kalshi,23,0.3508
g0049,polymarket,23,0.333
g0049,kalshi,24,0.3542
g0049,polymarket,24,0.3625
g0049,kalshi,25,0.3758
g0049,polymarket,25,0.3747
g0049,kalshi,26,0.3885
g0049,polymarket,26,0.3884
g0049,kalshi,27,0.3629
g0049,polymarket,27,0.3737
g0049,kalshi,28,0.3594
g0049,polymarket,28,0.3602
g0049,kalshi,29,0.3735
g0049,polymarket,29,0.3909
g0049,kalshi,30,0.3558
g0049,polymarket,30,0.3495
g0049,kalshi,31,0.3608
g0049,polymarket,31,0.3525
g0049,kalshi,32,0.361
g0049,polymarket,32,0.361
g0049,kalshi,33,0.3771
g0049,polymarket,33,0.3876
g0049,kalshi,34,0.368
g0049,polymarket,34,0.3709
g0049,kalshi,35,0.3796
g0049,polymarket,35,0.3839
g0049,kalshi,36,0.3832
g0049,polymarket,36,0.3981
g0049,kalshi,37,0.3677
g0049,polymarket,37,0.3509
g0049,kalshi,38,0.3755
g0049,polymarket,38,0.38
g0049,kalshi,39,0.371
g0049,polymarket,39,0.3512
g0049,kalshi,40,0.3652
g0049,polymarket,40,0.3817
g0049,kalshi,41,0.393
g0049,polymarket,41,0.4009
g0049,kalshi,42,0.3675
g0049,polymarket,42,0.3735
g0049,kalshi,43,0.3785
g0049,polymarket,43,0.4419
g0049,kalshi,44,0.3766
g0049,polymarket,44,0.3702
g0049,kalshi,45,0.3273
g0049,polymarket,45,0.3333
g0049,kalshi,46,0.3399
g0049,polymarket,46,0.34
g0049,kalshi,47,0.3205
g0049,polymarket,47,0.3204
g0049,kalshi,48,0.3242
g0049,polymarket,48,0.2539
g0049,kalshi,49,0.3517
g0049,polymarket,49,0.352
g0049,kalshi,50,0.3522
g0049,polymarket,50,0.352
g0049,kalshi,51,0.3275
g0049,polymarket,51,0.3149
g0049,kalshi,52,0.3563
g0049,polymarket,52,0.3601
g0049,kalshi,53,0.3629
g0049,polymarket,53,0.3863
g0049,kalshi,54,0.323
g0049,polymarket,54,0.3314
g0049,kalshi,55,0.3266
g0049,polymarket,55,0.3228
g0049,kalshi,56,0.3342
g0049,polymarket,56,0.3236
g0049,kalshi,57,0.3363
g0049,polymarket,57,0.3204
g0049,kalshi,58,0.3036
g0049,polymarket,58,0.2984
g0049,kalshi,59,0.2962
g0049,polymarket,59,0.3024
g0049,kalshi,60,0.3258
g0049,polymarket,60,0.3366
g0049,kalshi,61,0.3296
g0049,polymarket,61,0.3976
g0049,kalshi,62,0.344
g0049,polymarket,62,0.3435
g0049,kalshi,63,0.3102
g0049,polymarket,63,0.3156
g0049,kalshi,64,0.28
g0049,polymarket,64,0.2263
g0049,kalshi,65,0.2885
g0049,polymarket,65,0.2856
g0049,kalshi,66,0.2833
g0049,polymarket,66,0.2874
g0049,kalshi,67,0.2709
g0049,polymarket,67,0.2576
g0049,kalshi,68,0.2889
g0049,polymarket,68,0.29
g0049,kalshi,69,0.3062
g0049,polymarket,69,0.2972
g0049,kalshi,70,0.2772
g0049,polymarket,70,0.28
g0049,kalshi,71,0.2794
g0049,polymarket,71,0.2852
g0049,kalshi,72,0.2721
g0049,polymarket,72,0.2482
g0049,kalshi,73,0.3052
g0049,polymarket,73,0.2991
g0049,kalshi,74,0.3055
g0049,polymarket,74,0.2999
g0049,kalshi,75,0.3033
g0049,polymarket,75,0.2975
g0049,kalshi,76,0.302
g0049,polymarket,76,0.3173
g0049,kalshi,77,0.2886
g0049,polymarket,77,0.2916
g0049,kalshi,78,0.2994
g0049,polymarket,78,0.2366
g0049,kalshi,79,0.2967
g0049,polymarket,79,0.301
g0050,kalshi,0,0.5456
g0050,polymarket,0,0.561
g0050,kalshi,1,0.5539
g0050,polymarket,1,0.5384
g0050,kalshi,2,0.5485
g0050,polymarket,2,0.5313
g0050,kalshi,3,0.5309
g0050,polymarket,3,0.5361
g0050,kalshi,4,0.5111
g0050,polymarket,4,0.5069
g0050,kalshi,5,0.5097
g0050,polymarket,5,0.4972
g0050,kalshi,6,0.5138
g0050,polymarket,6,0.606
g0050,kalshi,7,0.4878
g0050,polymarket,7,0.4882
g0050,kalshi,8,0.4939
g0050,polymarket,8,0.4772
g0050,kalshi,9,0.5075
g0050,polymarket,9,0.4976
g0050,kalshi,10,0.5017
g0050,polymarket,10,0.4836
g0050,kalshi,11,0.4829
g0050,polymarket,11,0.4714
g0050,kalshi,12,0.4488
g0050,polymarket,12,0.4686
g0050,kalshi,13,0.4463
g0050,polymarket,13,0.4519
g0050,kalshi,14,0.4537
g0050,polymarket,14,0.456
g0050,kalshi,15,0.4525
g0050,polymarket,15,0.4512
g0050,kalshi,16,0.4326
g0050,polymarket,16,0.4246
g0050,kalshi,17,0.412
g0050,polymarket,17,0.4058
g0050,kalshi,18,0.412
g0050,polymarket,18,0.4755
g0050,kalshi,19,0.4303
g0050,polymarket,19,0.4272
g0050,kalshi,20,0.4103
g0050,polymarket,20,0.3935
g0050,kalshi,21,0.3897
g0050,polymarket,21,0.3863
g0050,kalshi,22,0.4106
g0050,polymarket,22,0.4149
g0050,kalshi,23,0.3986
g0050,polymarket,23,0.3963
g0050,kalshi,24,0.3927
g0050,polymarket,24,0.4378
g0050,kalshi,25,0.3976
g0050,polymarket,25,0.382
g0050,kalshi,26,0.422
g0050,polymarket,26,0.4409
g0050,kalshi,27,0.3808
g0050,polymarket,27,0.3785
g0050,kalshi,28,0.3812
g0050,polymarket,28,0.3845
g0050,kalshi,29,0.3875
g0050,polymarket,29,0.4047
g0050,kalshi,30,0.4095
g0050,polymarket,30,0.4085
g0050,kalshi,31,0.4208
g0050,polymarket,31,0.4102
g0050,kalshi,32,0.4103
g0050,polymarket,32,0.4108
g0050,kalshi,33,0.4049
g0050,polymarket,33,0.3907
g0050,kalshi,34,0.3913
g0050,polymarket,34,0.4069
g0050,kalshi,35,0.3678
g0050,polymarket,35,0.3565
g0050,kalshi,36,0.374
g0050,polymarket,36,0.3782
g0050,kalshi,37,0.3658
g0050,polymarket,37,0.3726
g0050,kalshi,38,0.3742
g0050,polymarket,38,0.3706
g0050,kalshi,39,0.3781
g0050,polymarket,39,0.3927
g0050,kalshi,40,0.3662
g0050,polymarket,40,0.3786
g0050,kalshi,41,0.3994
g0050,polymarket,41,0.3985
g0050,kalshi,42,0.3939
g0050,polymarket,42,0.4064
g0050,kalshi,43,0.4035
g0050,polymarket,43,0.3896
g0050,kalshi,44,0.4059
g0050,polymarket,44,0.4133
g0050,kalshi,45,0.411
g0050,polymarket,45,0.4021
g0050,kalshi,46,0.4249
g0050,polymarket,46,0.4269
g0050,kalshi,47,0.4354
g0050,polymarket,47,0.4665
g0050,kalshi,48,0.4274
g0050,polymarket,48,0.4292
g0050,kalshi,49,0.3815
g0050,polymarket,49,0.411
g0050,kalshi,50,0.4129
g0050,polymarket,50,0.4175
g0050,kalshi,51,0.4177
g0050,polymarket,51,0.4053
g0050,kalshi,52,0.4444
g0050,polymarket,52,0.4542
g0050,kalshi,53,0.4422
g0050,polymarket,53,0.4306
g0050,kalshi,54,0.4249
g0050,polymarket,54,0.4369
g0050,kalshi,55,0.4314
g0050,polymarket,55,0.4363
g0050,kalshi,56,0.4244
g0050,polymarket,56,0.4472
g0050,kalshi,57,0.4106
g0050,polymarket,57,0.4125
g0050,kalshi,58,0.424
g0050,polymarket,58,0.44
g0050,kalshi,59,0.4415
g0050,polymarket,59,0.4511
g0050,kalshi,60,0.4685
g0050,polymarket,60,0.4822
g0050,kalshi,61,0.4575
g0050,polymarket,61,0.4691
g0050,kalshi,62,0.4501
g0050,polymarket,62,0.4552
g0050,kalshi,63,0.4215
g0050,polymarket,63,0.4208
g0050,kalshi,64,0.4555
g0050,polymarket,64,0.4229
g0050,kalshi,65,0.4699
g0050,polymarket,65,0.4704
g0050,kalshi,66,0.4932
g0050,polymarket,66,0.4763
g0050,kalshi,67,0.5231
g0050,polymarket,67,0.5191
g0050,kalshi,68,0.5253
g0050,polymarket,68,0.59
g0050,kalshi,69,0.4895
g0050,polymarket,69,0.4869
g0050,kalshi,70,0.5081
g0050,polymarket,70,0.5042
g0050,kalshi,71,0.5084
g0050,polymarket,71,0.5203
g0050,kalshi,72,0.4917
g0050,polymarket,72,0.4726
g0050,kalshi,73,0.4542
g0050,polymarket,73,0.4531
g0050,kalshi,74,0.4581
g0050,polymarket,74,0.4547
g0050,kalshi,75,0.4732
g0050,polymarket,75,0.476
g0050,kalshi,76,0.4658
g0050,polymarket,76,0.462
g0050,kalshi,77,0.4668
g0050,polymarket,77,0.4724
g0050,kalshi,78,0.4332
g0050,polymarket,78,0.4161
g0050,kalshi,79,0.3978
g0050,polymarket,79,0.3917
g0051,kalshi,0,0.4092
g0051,polymarket,0,0.4229
g0051,kalshi,1,0.4265
g0051,polymarket,1,0.3695
g0051,kalshi,2,0.4304
g0051,polymarket,2,0.423
g0051,kalshi,3,0.407
g0051,polymarket,3,0.3966
g0051,kalshi,4,0.3892
g0051,polymarket,4,0.4104
g0051,kalshi,5,0.3993
g0051,polymarket,5,0.3983
g0051,kalshi,6,0.3811
g0051,polymarket,6,0.3961
g0051,kalshi,7,0.3822
g0051,polymarket,7,0.3884
g0051,kalshi,8,0.3972
g0051,polymarket,8,0.3829
g0051,kalshi,9,0.3857
g0051,polymarket,9,0.3995
g0051,kalshi,10,0.3647
g0051,polymarket,10,0.3559
g0051,kalshi,11,0.3613
g0051,polymarket,11,0.3564
g0051,kalshi,12,0.3622
g0051,polymarket,12,0.3722
g0051,kalshi,13,0.3584
g0051,polymarket,13,0.3661
g0051,kalshi,14,0.3432
g0051,polymarket,14,0.3526
g0051,kalshi,15,0.3297
g0051,polymarket,15,0.3181
g0051,kalshi,16,0.3311
g0051,polymarket,16,0.3434
g0051,kalshi,17,0.3173
g0051,polymarket,17,0.2902
g0051,kalshi,18,0.3198
g0051,polymarket,18,0.2966
g0051,kalshi,19,0.303
g0051,polymarket,19,0.2806
g0051,kalshi,20,0.3313
g0051,polymarket,20,0.3372
g0051,kalshi,21,0.3475
g0051,polymarket,21,0.3429
g0051,kalshi,22,0.323
g0051,polymarket,22,0.3179
g0051,kalshi,23,0.328
g0051,polymarket,23,0.3439
g0051,kalshi,24,0.3221
g0051,polymarket,24,0.2874
g0051,kalshi,25,0.2792
g0051,polymarket,25,0.2894
g0051,kalshi,26,0.3045
g0051,polymarket,26,0.3056
g0051,kalshi,27,0.3246
g0051,polymarket,27,0.3137
g0051,kalshi,28,0.2878
g0051,polymarket,28,0.2738
g0051,kalshi,29,0.272
g0051,polymarket,29,0.267
g0051,kalshi,30,0.2747
g0051,polymarket,30,0.2746
g0051,kalshi,31,0.2935
g0051,polymarket,31,0.2797
g0051,kalshi,32,0.2946
g0051,polymarket,32,0.2962
g0051,kalshi,33,0.3472
g0051,polymarket,33,0.3521
g0051,kalshi,34,0.358
g0051,polymarket,34,0.3433
g0051,kalshi,35,0.3688
g0051,polymarket,35,0.3595
g0051,kalshi,36,0.3736
g0051,polymarket,36,0.368
g0051,kalshi,37,0.3206
g0051,polymarket,37,0.3197
g0051,kalshi,38,0.2986
g0051,polymarket,38,0.2932
g0051,kalshi,39,0.274
g0051,polymarket,39,0.2703
g0051,kalshi,40,0.2898
g0051,polymarket,40,0.2896
g0051,kalshi,41,0.266
g0051,polymarket,41,0.3157
g0051,kalshi,42,0.2682
g0051,polymarket,42,0.2644
g0051,kalshi,43,0.2483
g0051,polymarket,43,0.2416
g0051,kalshi,44,0.2565
g0051,polymarket,44,0.2545
g0051,kalshi,45,0.279
g0051,polymarket,45,0.2563
g0051,kalshi,46,0.2733
g0051,polymarket,46,0.2578
g0051,kalshi,47,0.3165
g0051,polymarket,47,0.3457
g0051,kalshi,48,0.3419
g0051,polymarket,48,0.3346
g0051,kalshi,49,0.3483
g0051,polymarket,49,0.3633
g0051,kalshi,50,0.3937
g0051,polymarket,50,0.4019
g0051,kalshi,51,0.3875
g0051,polymarket,51,0.4089
g0051,kalshi,52,0.3798
g0051,polymarket,52,0.3982
g0051,kalshi,53,0.3307
g0051,polymarket,53,0.3326
g0051,kalshi,54,0.3151
g0051,polymarket,54,0.3051
g0051,kalshi,55,0.2981
g0051,polymarket,55,0.2971
g0051,kalshi,56,0.3126
g0051,polymarket,56,0.3092
g0051,kalshi,57,0.3339
g0051,polymarket,57,0.3403
g0051,kalshi,58,0.3721
g0051,polymarket,58,0.3774
g0051,kalshi,59,0.356
g0051,polymarket,59,0.3435
g0051,kalshi,60,0.3526
g0051,polymarket,60,0.3559
g0051,kalshi,61,0.3512
g0051,polymarket,61,0.3445
g0051,kalshi,62,0.3557
g0051,polymarket,62,0.35
g0051,kalshi,63,0.3434
g0051,polymarket,63,0.4077
g0051,kalshi,64,0.3386
g0051,polymarket,64,0.3416
g0051,kalshi,65,0.3521
g0051,polymarket,65,0.3876
g0051,kalshi,66,0.315
g0051,polymarket,66,0.3059
g0051,kalshi,67,0.3174
g0051,polymarket,67,0.309
g0051,kalshi,68,0.3008
g0051,polymarket,68,0.3129
g0051,kalshi,69,0.2831
g0051,polymarket,69,0.2681
g0051,kalshi,70,0.3157
g0051,polymarket,70,0.3077
g0051,kalshi,71,0.3201
g0051,polymarket,71,0.3304
g0051,kalshi,72,0.3083
g0051,polymarket,72,0.306
g0051,kalshi,73,0.2908
g0051,polymarket,73,0.2959
g0051,kalshi,74,0.2854
g0051,polymarket,74,0.2826
g0051,kalshi,75,0.2753
g0051,polymarket,75,0.2677
g0051,kalshi,76,0.2655
g0051,polymarket,76,0.2729
g0051,kalshi,77,0.3006
g0051,polymarket,77,0.2971
g0051,kalshi,78,0.3386
g0051,polymarket,78,0.3999
g0051,kalshi,79,0.3096
g0051,polymarket,79,0.3026
g0052,kalshi,0,0.5539
g0052,polymarket,0,0.5488
g0052,kalshi,1,0.5753
g0052,polymarket,1,0.5809
g0052,kalshi,2,0.5739
g0052,polymarket,2,0.5649
g0052,kalshi,3,0.5781
g0052,polymarket,3,0.5095
g0052,kalshi,4,0.5968
g0052,polymarket,4,0.583
g0052,kalshi,5,0.5976
g0052,polymarket,5,0.6068
g0052,kalshi,6,0.5962
g0052,polymarket,6,0.5918
g0052,kalshi,7,0.6218
g0052,polymarket,7,0.6344
g0052,kalshi,8,0.6391
g0052,polymarket,8,0.6401
g0052,kalshi,9,0.6305
g0052,polymarket,9,0.5999
g0052,kalshi,10,0.6107
g0052,polymarket,10,0.6249
g0052,kalshi,11,0.6261
g0052,polymarket,11,0.6382
g0052,kalshi,12,0.609
g0052,polymarket,12,0.6139
g0052,kalshi,13,0.6198
g0052,polymarket,13,0.6039
g0052,kalshi,14,0.6441
g0052,polymarket,14,0.6431
g0052,kalshi,15,0.6271
g0052,polymarket,15,0.6454
g0052,kalshi,16,0.6717
g0052,polymarket,16,0.6652
g0052,kalshi,17,0.6406
g0052,polymarket,17,0.6408
g0052,kalshi,18,0.6364
g0052,polymarket,18,0.6355
g0052,kalshi,19,0.6457
g0052,polymarket,19,0.6564
g0052,kalshi,20,0.6566
g0052,polymarket,20,0.6587
g0052,kalshi,21,0.6419
g0052,polymarket,21,0.6509
g0052,kalshi,22,0.6227
g0052,polymarket,22,0.6214
g0052,kalshi,23,0.6199
g0052,polymarket,23,0.5919
g0052,kalshi,24,0.6062
g0052,polymarket,24,0.6136
g0052,kalshi,25,0.6217
g0052,polymarket,25,0.6123
g0052,kalshi,26,0.6158
g0052,polymarket,26,0.636
g0052,kalshi,27,0.6182
g0052,polymarket,27,0.5974
g0052,kalshi,28,0.5924
g0052,polymarket,28,0.6039
g0052,kalshi,29,0.589
g0052,polymarket,29,0.5822
g0052,kalshi,30,0.6044
g0052,polymarket,30,0.5853
g0052,kalshi,31,0.6142
g0052,polymarket,31,0.6231
g0052,kalshi,32,0.6233
g0052,polymarket,32,0.6336
g0052,kalshi,33,0.6229
g0052,polymarket,33,0.6289
g0052,kalshi,34,0.6087
g0052,polymarket,34,0.6146
g0052,kalshi,35,0.5812
g0052,polymarket,35,0.5665
g0052,kalshi,36,0.5851
g0052,polymarket,36,0.5897
g0052,kalshi,37,0.5632
g0052,polymarket,37,0.5737
g0052,kalshi,38,0.5395
g0052,polymarket,38,0.553
g0052,kalshi,39,0.5359
g0052,polymarket,39,0.532
g0052,kalshi,40,0.5514
g0052,polymarket,40,0.5519
g0052,kalshi,41,0.5385
g0052,polymarket,41,0.589
g0052,kalshi,42,0.5379
g0052,polymarket,42,0.5184
g0052,kalshi,43,0.554
g0052,polymarket,43,0.5628
g0052,kalshi,44,0.5802
g0052,polymarket,44,0.6576
g0052,kalshi,45,0.5983
g0052,polymarket,45,0.5879
g0052,kalshi,46,0.6183
g0052,polymarket,46,0.6165
g0052,kalshi,47,0.609
g0052,polymarket,47,0.6173
g0052,kalshi,48,0.6242
g0052,polymarket,48,0.6134
g0052,kalshi,49,0.6564
g0052,polymarket,49,0.6671
g0052,kalshi,50,0.6493
g0052,polymarket,50,0.6503
g0052,kalshi,51,0.6517
g0052,polymarket,51,0.6717
g0052,kalshi,52,0.6597
g0052,polymarket,52,0.6513
g0052,kalshi,53,0.6596
g0052,polymarket,53,0.6553
g0052,kalshi,54,0.6279
g0052,polymarket,54,0.6353
g0052,kalshi,55,0.6343
g0052,polymarket,55,0.6288
g0052,kalshi,56,0.5949
g0052,polymarket,56,0.5938
g0052,kalshi,57,0.6414
g0052,polymarket,57,0.6395
g0052,kalshi,58,0.689
g0052,polymarket,58,0.6981
g0052,kalshi,59,0.6895
g0052,polymarket,59,0.6983
g0052,kalshi,60,0.6989
g0052,polymarket,60,0.6914
g0052,kalshi,61,0.7017
g0052,polymarket,61,0.6963
g0052,kalshi,62,0.722
g0052,polymarket,62,0.7295
g0052,kalshi,63,0.6945
g0052,polymarket,63,0.6963
g0052,kalshi,64,0.683
g0052,polymarket,64,0.6882
g0052,kalshi,65,0.6805
g0052,polymarket,65,0.6784
g0052,kalshi,66,0.6797
g0052,polymarket,66,0.753
g0052,kalshi,67,0.6682
g0052,polymarket,67,0.66
g0052,kalshi,68,0.7084
g0052,polymarket,68,0.7092
g0052,kalshi,69,0.7369
g0052,polymarket,69,0.7506
g0052,kalshi,70,0.7235
g0052,polymarket,70,0.7304
g0052,kalshi,71,0.7694
g0052,polymarket,71,0.7003
g0052,kalshi,72,0.7821
g0052,polymarket,72,0.7829
g0052,kalshi,73,0.7839
g0052,polymarket,73,0.7966
g0052,kalshi,74,0.7906
g0052,polymarket,74,0.8029
g0052,kalshi,75,0.7631
g0052,polymarket,75,0.7591
g0052,kalshi,76,0.7381
g0052,polymarket,76,0.7241
g0052,kalshi,77,0.7293
g0052,polymarket,77,0.7287
g0052,kalshi,78,0.7588
g0052,polymarket,78,0.7632
g0052,kalshi,79,0.7549
g0052,polymarket,79,0.7508
g0053,kalshi,0,0.5448
g0053,polymarket,0,0.5613
g0053,kalshi,1,0.5358
g0053,polymarket,1,0.5442
g0053,kalshi,2,0.5717
g0053,polymarket,2,0.5708
g0053,kalshi,3,0.5346
g0053,polymarket,3,0.5316
g0053,kalshi,4,0.5274
g0053,polymarket,4,0.5338
g0053,kalshi,5,0.5267
g0053,polymarket,5,0.5171
g0053,kalshi,6,0.5034
g0053,polymarket,6,0.5184
g0053,kalshi,7,0.535
g0053,polymarket,7,0.5337
g0053,kalshi,8,0.53
g0053,polymarket,8,0.5314
g0053,kalshi,9,0.526
g0053,polymarket,9,0.5227
g0053,kalshi,10,0.5157
g0053,polymarket,10,0.5069
g0053,kalshi,11,0.5032
g0053,polymarket,11,0.518
g0053,kalshi,12,0.4625
g0053,polymarket,12,0.4641
g0053,kalshi,13,0.4716
g0053,polymarket,13,0.4732
g0053,kalshi,14,0.4714
g0053,polymarket,14,0.472
g0053,kalshi,15,0.4341
g0053,polymarket,15,0.4255
g0053,kalshi,16,0.4233
g0053,polymarket,16,0.4431
g0053,kalshi,17,0.4341
g0053,polymarket,17,0.4185
g0053,kalshi,18,0.4048
g0053,polymarket,18,0.3435
g0053,kalshi,19,0.3619
g0053,polymarket,19,0.3662
g0053,kalshi,20,0.3834
g0053,polymarket,20,0.3723
g0053,kalshi,21,0.3741
g0053,polymarket,21,0.3781
g0053,kalshi,22,0.4038
g0053,polymarket,22,0.3997
g0053,kalshi,23,0.4146
g0053,polymarket,23,0.4087
g0053,kalshi,24,0.3955
g0053,polymarket,24,0.3892
g0053,kalshi,25,0.3549
g0053,polymarket,25,0.366
g0053,kalshi,26,0.364
g0053,polymarket,26,0.4255
g0053,kalshi,27,0.342
g0053,polymarket,27,0.3381
g0053,kalshi,28,0.3413
g0053,polymarket,28,0.3337
g0053,kalshi,29,0.3379
g0053,polymarket,29,0.3425
g0053,kalshi,30,0.328
g0053,polymarket,30,0.3229
g0053,kalshi,31,0.3411
g0053,polymarket,31,0.3518
g0053,kalshi,32,0.3399
g0053,polymarket,32,0.3502
g0053,kalshi,33,0.3211
g0053,polymarket,33,0.3127
g0053,kalshi,34,0.355
g0053,polymarket,34,0.368
g0053,kalshi,35,0.3467
g0053,polymarket,35,0.3419
g0053,kalshi,36,0.3329
g0053,polymarket,36,0.3456
g0053,kalshi,37,0.3268
g0053,polymarket,37,0.3416
g0053,kalshi,38,0.357
g0053,polymarket,38,0.3671
g0053,kalshi,39,0.3863
g0053,polymarket,39,0.3925
g0053,kalshi,40,0.4012
g0053,polymarket,40,0.4179
g0053,kalshi,41,0.4182
g0053,polymarket,41,0.4151
g0053,kalshi,42,0.3793
g0053,polymarket,42,0.3982
g0053,kalshi,43,0.3582
g0053,polymarket,43,0.3771
g0053,kalshi,44,0.3465
g0053,polymarket,44,0.352
g0053,kalshi,45,0.3485
g0053,polymarket,45,0.3602
g0053,kalshi,46,0.3434
g0053,polymarket,46,0.3507
g0053,kalshi,47,0.3634
g0053,polymarket,47,0.3708
g0053,kalshi,48,0.3725
g0053,polymarket,48,0.3675
g0053,kalshi,49,0.376
g0053,polymarket,49,0.3963
g0053,kalshi,50,0.3886
g0053,polymarket,50,0.3899
g0053,kalshi,51,0.3922
g0053,polymarket,51,0.3954
g0053,kalshi,52,0.3662
g0053,polymarket,52,0.3394
g0053,kalshi,53,0.3862
g0053,polymarket,53,0.3841
g0053,kalshi,54,0.3917
g0053,polymarket,54,0.3868
g0053,kalshi,55,0.3916
g0053,polymarket,55,0.38
g0053,kalshi,56,0.3625
g0053,polymarket,56,0.3681
g0053,kalshi,57,0.3398
g0053,polymarket,57,0.3388
g0053,kalshi,58,0.3276
g0053,polymarket,58,0.3392
g0053,kalshi,59,0.3209
g0053,polymarket,59,0.3223
g0053,kalshi,60,0.3441
g0053,polymarket,60,0.403
g0053,kalshi,61,0.3748
g0053,polymarket,61,0.363
g0053,kalshi,62,0.3899
g0053,polymarket,62,0.3948
g0053,kalshi,63,0.3597
g0053,polymarket,63,0.3742
g0053,kalshi,64,0.3624
g0053,polymarket,64,0.3732
g0053,kalshi,65,0.3895
g0053,polymarket,65,0.3762
g0053,kalshi,66,0.3827
g0053,polymarket,66,0.3882
g0053,kalshi,67,0.4055
g0053,polymarket,67,0.4016
g0053,kalshi,68,0.4209
g0053,polymarket,68,0.4226
g0053,kalshi,69,0.4032
g0053,polymarket,69,0.3797
g0053,kalshi,70,0.4056
g0053,polymarket,70,0.3986
g0053,kalshi,71,0.3986
g0053,polymarket,71,0.3978
g0053,kalshi,72,0.3854
g0053,polymarket,72,0.385
g0053,kalshi,73,0.361
g0053,polymarket,73,0.3914
g0053,kalshi,74,0.4016
g0053,polymarket,74,0.3906
g0053,kalshi,75,0.3966
g0053,polymarket,75,0.4642
g0053,kalshi,76,0.3788
g0053,polymarket,76,0.319
g0053,kalshi,77,0.3894
g0053,polymarket,77,0.3865
g0053,kalshi,78,0.4045
g0053,polymarket,78,0.3955
g0053,kalshi,79,0.3734
g0053,polymarket,79,0.3839
g0054,kalshi,0,0.6112
g0054,polymarket,0,0.6131
g0054,kalshi,1,0.6105
g0054,polymarket,1,0.5926
g0054,kalshi,2,0.6374
g0054,polymarket,2,0.6806
g0054,kalshi,3,0.6545
g0054,polymarket,3,0.717
g0054,kalshi,4,0.648
g0054,polymarket,4,0.6445
g0054,kalshi,5,0.6389
g0054,polymarket,5,0.639
g0054,kalshi,6,0.6134
g0054,polymarket,6,0.6037
g0054,kalshi,7,0.6081
g0054,polymarket,7,0.5991
g0054,kalshi,8,0.5922
g0054,polymarket,8,0.5951
g0054,kalshi,9,0.5864
g0054,polymarket,9,0.6058
g0054,kalshi,10,0.5996
g0054,polymarket,10,0.5987
g0054,kalshi,11,0.6249
g0054,polymarket,11,0.5971
g0054,kalshi,12,0.606
g0054,polymarket,12,0.5986
g0054,kalshi,13,0.6132
g0054,polymarket,13,0.6123
g0054,kalshi,14,0.6324
g0054,polymarket,14,0.6362
g0054,kalshi,15,0.6282
g0054,polymarket,15,0.6453
g0054,kalshi,16,0.6335
g0054,polymarket,16,0.6435
g0054,kalshi,17,0.6476
g0054,polymarket,17,0.6524
g0054,kalshi,18,0.6803
g0054,polymarket,18,0.6688
g0054,kalshi,19,0.6659
g0054,polymarket,19,0.6705
g0054,kalshi,20,0.6443
g0054,polymarket,20,0.6636
g0054,kalshi,21,0.6638
g0054,polymarket,21,0.652
g0054,kalshi,22,0.6805
g0054,polymarket,22,0.6871
g0054,kalshi,23,0.6862
g0054,polymarket,23,0.6913
g0054,kalshi,24,0.6821
g0054,polymarket,24,0.7009
g0054,kalshi,25,0.6794
g0054,polymarket,25,0.6719
g0054,kalshi,26,0.6567
g0054,polymarket,26,0.6556
g0054,kalshi,27,0.6843
g0054,polymarket,27,0.6877
g0054,kalshi,28,0.6971
g0054,polymarket,28,0.6921
g0054,kalshi,29,0.6986
g0054,polymarket,29,0.7089
g0054,kalshi,30,0.6615
g0054,polymarket,30,0.6342
g0054,kalshi,31,0.6594
g0054,polymarket,31,0.6691
g0054,kalshi,32,0.6421
g0054,polymarket,32,0.6435
g0054,kalshi,33,0.649
g0054,polymarket,33,0.6603
g0054,kalshi,34,0.6303
g0054,polymarket,34,0.6383
g0054,kalshi,35,0.6397
g0054,polymarket,35,0.6294
g0054,kalshi,36,0.6487
g0054,polymarket,36,0.6416
g0054,kalshi,37,0.6452
g0054,polymarket,37,0.6597
g0054,kalshi,38,0.6654
g0054,polymarket,38,0.6532
g0054,kalshi,39,0.6776
g0054,polymarket,39,0.6743
g0054,kalshi,40,0.6585
g0054,polymarket,40,0.6838
g0054,kalshi,41,0.6399
g0054,polymarket,41,0.6257
g0054,kalshi,42,0.6704
g0054,polymarket,42,0.6898
g0054,kalshi,43,0.6407
g0054,polymarket,43,0.6577
g0054,kalshi,44,0.6332
g0054,polymarket,44,0.6277
g0054,kalshi,45,0.64
g0054,polymarket,45,0.6279
g0054,kalshi,46,0.6686
g0054,polymarket,46,0.6091
g0054,kalshi,47,0.6761
g0054,polymarket,47,0.6725
g0054,kalshi,48,0.676
g0054,polymarket,48,0.667
g0054,kalshi,49,0.6789
g0054,polymarket,49,0.678
g0054,kalshi,50,0.6737
g0054,polymarket,50,0.6621
g0054,kalshi,51,0.6741
g0054,polymarket,51,0.671
g0054,kalshi,52,0.6888
g0054,polymarket,52,0.6972
g0054,kalshi,53,0.6853
g0054,polymarket,53,0.6782
g0054,kalshi,54,0.6851
g0054,polymarket,54,0.6844
g0054,kalshi,55,0.6657
g0054,polymarket,55,0.6757
g0054,kalshi,56,0.6678
g0054,polymarket,56,0.6692
g0054,kalshi,57,0.649
g0054,polymarket,57,0.632
g0054,kalshi,58,0.6778
g0054,polymarket,58,0.7366
g0054,kalshi,59,0.6652
g0054,polymarket,59,0.6633
g0054,kalshi,60,0.6929
g0054,polymarket,60,0.643
g0054,kalshi,61,0.7066
g0054,polymarket,61,0.696
g0054,kalshi,62,0.6957
g0054,polymarket,62,0.7044
g0054,kalshi,63,0.7073
g0054,polymarket,63,0.6934
g0054,kalshi,64,0.7334
g0054,polymarket,64,0.7344
g0054,kalshi,65,0.7147
g0054,polymarket,65,0.7144
g0054,kalshi,66,0.7163
g0054,polymarket,66,0.6988
g0054,kalshi,67,0.7295
g0054,polymarket,67,0.7249
g0054,kalshi,68,0.7551
g0054,polymarket,68,0.7376
g0054,kalshi,69,0.7509
g0054,polymarket,69,0.7337
g0054,kalshi,70,0.7459
g0054,polymarket,70,0.736
g0054,kalshi,71,0.7271
g0054,polymarket,71,0.7474
g0054,kalshi,72,0.7106
g0054,polymarket,72,0.7165
g0054,kalshi,73,0.7258
g0054,polymarket,73,0.7299
g0054,kalshi,74,0.7071
g0054,polymarket,74,0.7166
g0054,kalshi,75,0.6832
g0054,polymarket,75,0.6773
g0054,kalshi,76,0.6815
g0054,polymarket,76,0.7049
g0054,kalshi,77,0.6906
g0054,polymarket,77,0.6729
g0054,kalshi,78,0.657
g0054,polymarket,78,0.6826
g0054,kalshi,79,0.6935
g0054,polymarket,79,0.71
